anio,letra,empleo_mujeres,empleo_varones,empleo_otro,salario_promedio_anual_deflactado,meses_completos,ratio_fem,brecha_genero_abs,provincia_id,provincia
2022,A,3243.0,12760.0,0.0,0.0,0,0.2026495,9517.0,2,CABA
2022,B,3613.0,9609.0,0.0,63064289.88,1308,0.27325669,5996.0,2,CABA
2022,C,45036.0,107661.0,0.0,925233947.67,34263,0.29493703,62625.0,2,CABA
2022,D,1876.0,6815.0,0.0,0.0,0,0.21585548,4939.0,2,CABA
2022,E,1741.0,13162.0,0.0,0.0,0,0.11682212,11421.0,2,CABA
2022,F,7938.0,77583.0,0.0,94000565.19,3724,0.09281931,69645.0,2,CABA
2022,G,79779.0,127529.0,0.0,0.0,0,0.3848332,47750.0,2,CABA
2022,H,20873.0,109659.0,0.0,0.0,0,0.15990715,88786.0,2,CABA
2022,I,34829.0,47743.0,0.0,0.0,0,0.42180158,12914.0,2,CABA
2022,J,50044.0,96598.0,0.0,0.0,0,0.34126649,46554.0,2,CABA
2022,K,58490.0,59781.0,0.0,0.0,0,0.4945422,1291.0,2,CABA
2022,L,8443.0,13623.0,0.0,0.0,0,0.38262485,5180.0,2,CABA
2022,M,46394.0,44090.0,0.0,0.0,0,0.51273153,2304.0,2,CABA
2022,N,74218.0,117680.0,0.0,100110897.25,4711,0.38675755,43462.0,2,CABA
2022,O,1663.0,2051.0,0.0,0.0,0,0.44776521,388.0,2,CABA
2022,P,58766.0,29523.0,0.0,0.0,0,0.66560953,29243.0,2,CABA
2022,Q,65763.0,30252.0,0.0,0.0,0,0.68492423,35511.0,2,CABA
2022,R,7785.0,15218.0,0.0,0.0,0,0.33843412,7433.0,2,CABA
2022,S,45426.0,57744.0,0.0,0.0,0,0.44030241,12318.0,2,CABA
2022,T,5.0,12.0,0.0,0.0,0,0.29411765,7.0,2,CABA
2022,U,748.0,631.0,0.0,0.0,0,0.54242204,117.0,2,CABA
2022,A,9016.0,66720.0,0.0,433593503.37,49868,0.1190451,57704.0,6,Buenos Aires
2022,C,96553.0,444360.0,0.0,3471113526.74,183520,0.17850005,347807.0,6,Buenos Aires
2022,D,3285.0,16482.0,0.0,174298335.08,7344,0.16618607,13197.0,6,Buenos Aires
2022,F,8617.0,112032.0,0.0,304348509.0,14091,0.07142206,103415.0,6,Buenos Aires
2022,G,141581.0,248783.0,0.0,3012327848.73,161190,0.36268969,107202.0,6,Buenos Aires
2022,H,16442.0,159024.0,0.0,0.0,0,0.09370476,142582.0,6,Buenos Aires
2022,I,42125.0,42947.0,0.0,0.0,0,0.4951688,822.0,6,Buenos Aires
2022,J,12951.0,26730.0,0.0,0.0,0,0.32637786,13779.0,6,Buenos Aires
2022,K,18959.0,14180.0,0.0,0.0,0,0.57210537,4779.0,6,Buenos Aires
2022,L,5338.0,7818.0,0.0,0.0,0,0.40574643,2480.0,6,Buenos Aires
2022,M,16369.0,21257.0,0.0,0.0,0,0.43504492,4888.0,6,Buenos Aires
2022,N,41615.0,99081.0,0.0,242710259.65,25766,0.29577955,57466.0,6,Buenos Aires
2022,P,147460.0,45409.0,0.0,0.0,0,0.7645604,102051.0,6,Buenos Aires
2022,Q,72694.0,23619.0,0.0,0.0,0,0.75476831,49075.0,6,Buenos Aires
2022,R,12552.0,17500.0,0.0,0.0,0,0.41767603,4948.0,6,Buenos Aires
2022,S,43120.0,37621.0,0.0,0.0,0,0.53405333,5499.0,6,Buenos Aires
2022,E,2185.0,20036.0,0.0,0.0,0,0.09833041,17851.0,6,Buenos Aires
2022,O,2827.0,2980.0,0.0,0.0,0,0.48682624,153.0,6,Buenos Aires
2022,B,1120.0,6643.0,0.0,0.0,0,0.14427412,5523.0,6,Buenos Aires
2022,U,53.0,26.0,0.0,0.0,0,0.67088608,27.0,6,Buenos Aires
2022,T,3.0,6.0,0.0,0.0,0,0.33333333,3.0,6,Buenos Aires
2022,A,144.0,1993.0,0.0,0.0,0,0.06738418,1849.0,10,Catamarca
2022,C,1140.0,4559.0,0.0,0.0,0,0.20003509,3419.0,10,Catamarca
2022,F,213.0,4731.0,0.0,0.0,0,0.04308252,4518.0,10,Catamarca
2022,G,2121.0,4607.0,0.0,0.0,0,0.3152497,2486.0,10,Catamarca
2022,H,121.0,1234.0,0.0,0.0,0,0.08929889,1113.0,10,Catamarca
2022,I,539.0,559.0,0.0,0.0,0,0.49089253,20.0,10,Catamarca
2022,L,89.0,132.0,0.0,0.0,0,0.40271493,43.0,10,Catamarca
2022,N,337.0,1075.0,0.0,0.0,0,0.23866856,738.0,10,Catamarca
2022,Q,1269.0,533.0,0.0,0.0,0,0.70421754,736.0,10,Catamarca
2022,M,165.0,421.0,0.0,0.0,0,0.28156997,256.0,10,Catamarca
2022,B,272.0,1523.0,0.0,0.0,0,0.15153203,1251.0,10,Catamarca
2022,J,157.0,440.0,0.0,0.0,0,0.26298157,283.0,10,Catamarca
2022,K,315.0,386.0,0.0,0.0,0,0.44935806,71.0,10,Catamarca
2022,O,15.0,19.0,0.0,0.0,0,0.44117647,4.0,10,Catamarca
2022,P,2459.0,1063.0,0.0,0.0,0,0.69818285,1396.0,10,Catamarca
2022,S,316.0,378.0,0.0,0.0,0,0.45533141,62.0,10,Catamarca
2022,E,53.0,265.0,0.0,0.0,0,0.16666667,212.0,10,Catamarca
2022,D,74.0,407.0,0.0,0.0,0,0.15384615,333.0,10,Catamarca
2022,R,33.0,34.0,0.0,0.0,0,0.49253731,1.0,10,Catamarca
2022,A,2935.0,28063.0,0.0,0.0,0,0.09468353,25128.0,14,Cordoba
2022,B,191.0,1691.0,0.0,0.0,0,0.10148778,1500.0,14,Cordoba
2022,C,18664.0,92372.0,0.0,0.0,0,0.16808963,73708.0,14,Cordoba
2022,D,2037.0,8053.0,0.0,0.0,0,0.20188305,6016.0,14,Cordoba
2022,E,381.0,2501.0,0.0,0.0,0,0.13219986,2120.0,14,Cordoba
2022,F,2383.0,31418.0,0.0,53245868.28,3429,0.07050087,29035.0,14,Cordoba
2022,G,40197.0,69190.0,0.0,505717045.6,32805,0.36747511,28993.0,14,Cordoba
2022,H,2461.0,27110.0,0.0,0.0,0,0.08322343,24649.0,14,Cordoba
2022,I,11057.0,8467.0,0.0,0.0,0,0.56632862,2590.0,14,Cordoba
2022,J,6212.0,12181.0,0.0,0.0,0,0.33773718,5969.0,14,Cordoba
2022,K,6237.0,5715.0,0.0,0.0,0,0.52183735,522.0,14,Cordoba
2022,L,1415.0,2381.0,0.0,0.0,0,0.3727608,966.0,14,Cordoba
2022,M,4135.0,4433.0,0.0,0.0,0,0.48260971,298.0,14,Cordoba
2022,N,25008.0,24874.0,0.0,0.0,0,0.50134317,134.0,14,Cordoba
2022,O,1100.0,838.0,0.0,0.0,0,0.56759546,262.0,14,Cordoba
2022,P,31815.0,12247.0,0.0,0.0,0,0.72205075,19568.0,14,Cordoba
2022,Q,19932.0,6930.0,0.0,0.0,0,0.74201474,13002.0,14,Cordoba
2022,R,2195.0,3121.0,0.0,0.0,0,0.41290444,926.0,14,Cordoba
2022,S,9412.0,8166.0,0.0,0.0,0,0.53544203,1246.0,14,Cordoba
2022,U,29.0,18.0,0.0,0.0,0,0.61702128,11.0,14,Cordoba
2022,A,650.0,11500.0,0.0,0.0,0,0.05349794,10850.0,18,Corrientes
2022,B,19.0,323.0,0.0,0.0,0,0.05555556,304.0,18,Corrientes
2022,C,1072.0,10751.0,0.0,0.0,0,0.09067073,9679.0,18,Corrientes
2022,D,229.0,1562.0,0.0,0.0,0,0.12786153,1333.0,18,Corrientes
2022,F,414.0,5464.0,0.0,0.0,0,0.07043212,5050.0,18,Corrientes
2022,G,5203.0,14713.0,0.0,0.0,0,0.26124724,9510.0,18,Corrientes
2022,H,383.0,4545.0,0.0,0.0,0,0.07771916,4162.0,18,Corrientes
2022,I,1280.0,1998.0,0.0,0.0,0,0.390482,718.0,18,Corrientes
2022,J,411.0,1115.0,0.0,0.0,0,0.26933159,704.0,18,Corrientes
2022,K,896.0,1109.0,0.0,0.0,0,0.44688279,213.0,18,Corrientes
2022,L,76.0,282.0,0.0,0.0,0,0.2122905,206.0,18,Corrientes
2022,M,419.0,894.0,0.0,0.0,0,0.31911653,475.0,18,Corrientes
2022,N,1146.0,2734.0,0.0,0.0,0,0.29536082,1588.0,18,Corrientes
2022,O,74.0,99.0,0.0,0.0,0,0.42774566,25.0,18,Corrientes
2022,P,2884.0,1425.0,0.0,0.0,0,0.66929682,1459.0,18,Corrientes
2022,Q,1746.0,732.0,0.0,0.0,0,0.70460048,1014.0,18,Corrientes
2022,R,326.0,750.0,0.0,0.0,0,0.30297398,424.0,18,Corrientes
2022,S,1206.0,1981.0,0.0,0.0,0,0.3784123,775.0,18,Corrientes
2022,E,93.0,526.0,0.0,0.0,0,0.15024233,433.0,18,Corrientes
2022,U,0.0,3.0,0.0,0.0,0,0.0,3.0,18,Corrientes
2022,A,365.0,6455.0,0.0,0.0,0,0.05351906,6090.0,22,Chaco
2022,B,3.0,67.0,0.0,0.0,0,0.04285714,64.0,22,Chaco
2022,C,861.0,6759.0,0.0,0.0,0,0.11299213,5898.0,22,Chaco
2022,D,203.0,1246.0,0.0,0.0,0,0.14009662,1043.0,22,Chaco
2022,G,5603.0,15771.0,0.0,0.0,0,0.26214092,10168.0,22,Chaco
2022,H,338.0,3325.0,0.0,0.0,0,0.09227409,2987.0,22,Chaco
2022,I,538.0,733.0,0.0,0.0,0,0.42328875,195.0,22,Chaco
2022,J,499.0,1302.0,0.0,0.0,0,0.2770683,803.0,22,Chaco
2022,K,905.0,1054.0,0.0,0.0,0,0.46197039,149.0,22,Chaco
2022,L,82.0,143.0,0.0,0.0,0,0.36444444,61.0,22,Chaco
2022,M,270.0,719.0,0.0,0.0,0,0.27300303,449.0,22,Chaco
2022,N,6811.0,6326.0,0.0,0.0,0,0.51845931,485.0,22,Chaco
2022,P,4977.0,2153.0,0.0,0.0,0,0.69803647,2824.0,22,Chaco
2022,Q,2357.0,1157.0,0.0,0.0,0,0.67074559,1200.0,22,Chaco
2022,R,350.0,574.0,0.0,0.0,0,0.37878788,224.0,22,Chaco
2022,S,2363.0,2197.0,0.0,0.0,0,0.51820175,166.0,22,Chaco
2022,F,353.0,7259.0,0.0,0.0,0,0.04637415,6906.0,22,Chaco
2022,O,97.0,179.0,0.0,0.0,0,0.35144928,82.0,22,Chaco
2022,E,771.0,2503.0,0.0,0.0,0,0.23549175,1732.0,22,Chaco
2022,U,0.0,4.0,0.0,0.0,0,0.0,4.0,22,Chaco
2022,A,1259.0,5884.0,0.0,0.0,0,0.17625647,4625.0,26,Chubut
2022,B,1246.0,13203.0,0.0,0.0,0,0.08623434,11957.0,26,Chubut
2022,C,3048.0,9174.0,0.0,0.0,0,0.24938635,6126.0,26,Chubut
2022,D,462.0,2547.0,0.0,34371072.88,495,0.15353938,2085.0,26,Chubut
2022,E,88.0,853.0,0.0,0.0,0,0.09351753,765.0,26,Chubut
2022,F,456.0,8409.0,0.0,0.0,0,0.05143824,7953.0,26,Chubut
2022,G,8284.0,12443.0,0.0,0.0,0,0.39967193,4159.0,26,Chubut
2022,H,718.0,6828.0,0.0,0.0,0,0.09514975,6110.0,26,Chubut
2022,I,1997.0,1736.0,0.0,0.0,0,0.53495848,261.0,26,Chubut
2022,J,428.0,1033.0,0.0,0.0,0,0.29295003,605.0,26,Chubut
2022,K,1426.0,1041.0,0.0,0.0,0,0.57803,385.0,26,Chubut
2022,L,228.0,250.0,0.0,0.0,0,0.47698745,22.0,26,Chubut
2022,M,849.0,1034.0,0.0,0.0,0,0.45087626,185.0,26,Chubut
2022,N,1352.0,2536.0,0.0,0.0,0,0.34773663,1184.0,26,Chubut
2022,O,160.0,323.0,0.0,0.0,0,0.33126294,163.0,26,Chubut
2022,P,2406.0,761.0,0.0,0.0,0,0.7597095,1645.0,26,Chubut
2022,Q,3028.0,903.0,0.0,0.0,0,0.77028746,2125.0,26,Chubut
2022,R,482.0,636.0,0.0,0.0,0,0.43112701,154.0,26,Chubut
2022,S,1574.0,1128.0,0.0,0.0,0,0.58253146,446.0,26,Chubut
2022,U,3.0,1.0,0.0,0.0,0,0.75,2.0,26,Chubut
2022,A,1830.0,14886.0,0.0,0.0,0,0.10947595,13056.0,30,Entre Rios
2022,B,23.0,405.0,0.0,0.0,0,0.05373832,382.0,30,Entre Rios
2022,C,3428.0,27943.0,0.0,0.0,0,0.1092729,24515.0,30,Entre Rios
2022,D,243.0,1234.0,0.0,0.0,0,0.16452268,991.0,30,Entre Rios
2022,E,47.0,243.0,0.0,0.0,0,0.16206897,196.0,30,Entre Rios
2022,F,454.0,7865.0,0.0,0.0,0,0.05457387,7411.0,30,Entre Rios
2022,G,8702.0,20359.0,0.0,0.0,0,0.29943911,11657.0,30,Entre Rios
2022,H,473.0,6253.0,0.0,0.0,0,0.07032412,5780.0,30,Entre Rios
2022,I,2120.0,1813.0,0.0,0.0,0,0.53902873,307.0,30,Entre Rios
2022,J,632.0,1812.0,0.0,0.0,0,0.25859247,1180.0,30,Entre Rios
2022,K,1806.0,1746.0,0.0,0.0,0,0.50844595,60.0,30,Entre Rios
2022,L,158.0,500.0,0.0,0.0,0,0.24012158,342.0,30,Entre Rios
2022,M,860.0,965.0,0.0,0.0,0,0.47123288,105.0,30,Entre Rios
2022,N,1638.0,2957.0,0.0,0.0,0,0.35647443,1319.0,30,Entre Rios
2022,O,139.0,124.0,0.0,0.0,0,0.52851711,15.0,30,Entre Rios
2022,P,12411.0,4356.0,0.0,0.0,0,0.74020397,8055.0,30,Entre Rios
2022,Q,4633.0,1673.0,0.0,0.0,0,0.73469711,2960.0,30,Entre Rios
2022,R,644.0,1011.0,0.0,0.0,0,0.38912387,367.0,30,Entre Rios
2022,S,3077.0,2300.0,0.0,0.0,0,0.57225219,777.0,30,Entre Rios
2022,U,2.0,2.0,0.0,0.0,0,0.5,0.0,30,Entre Rios
2022,A,60.0,1478.0,0.0,0.0,0,0.0390117,1418.0,34,Formosa
2022,C,205.0,1546.0,0.0,0.0,0,0.11707596,1341.0,34,Formosa
2022,F,190.0,6280.0,0.0,0.0,0,0.02936631,6090.0,34,Formosa
2022,G,1888.0,4853.0,0.0,0.0,0,0.28007714,2965.0,34,Formosa
2022,H,81.0,964.0,0.0,0.0,0,0.07751196,883.0,34,Formosa
2022,M,75.0,209.0,0.0,0.0,0,0.26408451,134.0,34,Formosa
2022,N,415.0,623.0,0.0,0.0,0,0.39980732,208.0,34,Formosa
2022,P,1256.0,549.0,0.0,0.0,0,0.69584488,707.0,34,Formosa
2022,Q,747.0,348.0,0.0,0.0,0,0.68219178,399.0,34,Formosa
2022,S,572.0,501.0,0.0,0.0,0,0.53308481,71.0,34,Formosa
2022,B,11.0,39.0,0.0,0.0,0,0.22,28.0,34,Formosa
2022,D,68.0,501.0,0.0,0.0,0,0.11950791,433.0,34,Formosa
2022,E,36.0,388.0,0.0,0.0,0,0.08490566,352.0,34,Formosa
2022,I,283.0,470.0,0.0,0.0,0,0.37583001,187.0,34,Formosa
2022,J,164.0,509.0,0.0,0.0,0,0.24368499,345.0,34,Formosa
2022,K,451.0,582.0,0.0,0.0,0,0.43659245,131.0,34,Formosa
2022,L,44.0,84.0,0.0,0.0,0,0.34375,40.0,34,Formosa
2022,O,41.0,26.0,0.0,0.0,0,0.6119403,15.0,34,Formosa
2022,R,149.0,296.0,0.0,0.0,0,0.33483146,147.0,34,Formosa
2022,A,1558.0,6410.0,0.0,0.0,0,0.19553213,4852.0,38,Jujuy
2022,B,409.0,2490.0,0.0,0.0,0,0.14108313,2081.0,38,Jujuy
2022,C,1095.0,10401.0,0.0,0.0,0,0.09525052,9306.0,38,Jujuy
2022,D,104.0,438.0,0.0,0.0,0,0.19188192,334.0,38,Jujuy
2022,F,414.0,7058.0,0.0,0.0,0,0.05540685,6644.0,38,Jujuy
2022,G,2837.0,6853.0,0.0,0.0,0,0.29277606,4016.0,38,Jujuy
2022,H,266.0,3988.0,0.0,0.0,0,0.06252938,3722.0,38,Jujuy
2022,I,860.0,1028.0,0.0,0.0,0,0.45550847,168.0,38,Jujuy
2022,J,405.0,905.0,0.0,0.0,0,0.30916031,500.0,38,Jujuy
2022,M,251.0,557.0,0.0,0.0,0,0.31064356,306.0,38,Jujuy
2022,N,710.0,1634.0,0.0,0.0,0,0.30290102,924.0,38,Jujuy
2022,S,1803.0,1282.0,0.0,0.0,0,0.58444084,521.0,38,Jujuy
2022,K,409.0,428.0,0.0,0.0,0,0.48864994,19.0,38,Jujuy
2022,L,68.0,105.0,0.0,0.0,0,0.39306358,37.0,38,Jujuy
2022,O,29.0,44.0,0.0,0.0,0,0.39726027,15.0,38,Jujuy
2022,P,2494.0,1146.0,0.0,0.0,0,0.68516484,1348.0,38,Jujuy
2022,Q,1716.0,874.0,0.0,0.0,0,0.66254826,842.0,38,Jujuy
2022,R,140.0,270.0,0.0,0.0,0,0.34146341,130.0,38,Jujuy
2022,E,186.0,811.0,0.0,0.0,0,0.18655968,625.0,38,Jujuy
2022,A,363.0,4332.0,0.0,0.0,0,0.07731629,3969.0,42,La Pampa
2022,B,60.0,546.0,0.0,0.0,0,0.0990099,486.0,42,La Pampa
2022,C,859.0,4626.0,0.0,0.0,0,0.15660893,3767.0,42,La Pampa
2022,D,376.0,1335.0,0.0,0.0,0,0.21975453,959.0,42,La Pampa
2022,E,20.0,135.0,0.0,0.0,0,0.12903226,115.0,42,La Pampa
2022,F,144.0,2760.0,0.0,0.0,0,0.04958678,2616.0,42,La Pampa
2022,G,3649.0,7326.0,0.0,0.0,0,0.33248292,3677.0,42,La Pampa
2022,H,162.0,1927.0,0.0,0.0,0,0.07754907,1765.0,42,La Pampa
2022,I,599.0,532.0,0.0,0.0,0,0.52961981,67.0,42,La Pampa
2022,J,160.0,370.0,0.0,0.0,0,0.30188679,210.0,42,La Pampa
2022,K,578.0,743.0,0.0,0.0,0,0.43754731,165.0,42,La Pampa
2022,L,98.0,138.0,0.0,0.0,0,0.41525424,40.0,42,La Pampa
2022,M,483.0,542.0,0.0,0.0,0,0.47121951,59.0,42,La Pampa
2022,N,1100.0,982.0,0.0,0.0,0,0.52833814,118.0,42,La Pampa
2022,P,1428.0,470.0,0.0,0.0,0,0.75237092,958.0,42,La Pampa
2022,Q,1386.0,310.0,0.0,0.0,0,0.81721698,1076.0,42,La Pampa
2022,R,216.0,258.0,0.0,0.0,0,0.4556962,42.0,42,La Pampa
2022,S,1011.0,667.0,0.0,0.0,0,0.60250298,344.0,42,La Pampa
2022,O,51.0,45.0,0.0,0.0,0,0.53125,6.0,42,La Pampa
2022,A,526.0,4277.0,0.0,0.0,0,0.10951489,3751.0,46,La Rioja
2022,C,1663.0,7185.0,0.0,0.0,0,0.18795208,5522.0,46,La Rioja
2022,D,114.0,456.0,0.0,0.0,0,0.2,342.0,46,La Rioja
2022,E,39.0,293.0,0.0,0.0,0,0.11746988,254.0,46,La Rioja
2022,F,109.0,2911.0,0.0,0.0,0,0.03609272,2802.0,46,La Rioja
2022,G,1779.0,4004.0,0.0,0.0,0,0.3076258,2225.0,46,La Rioja
2022,H,131.0,992.0,0.0,0.0,0,0.11665183,861.0,46,La Rioja
2022,I,474.0,579.0,0.0,0.0,0,0.45014245,105.0,46,La Rioja
2022,J,84.0,271.0,0.0,0.0,0,0.23661972,187.0,46,La Rioja
2022,K,347.0,420.0,0.0,0.0,0,0.45241199,73.0,46,La Rioja
2022,M,124.0,239.0,0.0,0.0,0,0.3415978,115.0,46,La Rioja
2022,N,284.0,992.0,0.0,0.0,0,0.22257053,708.0,46,La Rioja
2022,P,941.0,361.0,0.0,0.0,0,0.72273425,580.0,46,La Rioja
2022,Q,921.0,513.0,0.0,0.0,0,0.64225941,408.0,46,La Rioja
2022,R,73.0,74.0,0.0,0.0,0,0.49659864,1.0,46,La Rioja
2022,S,555.0,615.0,0.0,0.0,0,0.47435897,60.0,46,La Rioja
2022,B,19.0,135.0,0.0,0.0,0,0.12337662,116.0,46,La Rioja
2022,L,12.0,42.0,0.0,0.0,0,0.22222222,30.0,46,La Rioja
2022,O,32.0,27.0,0.0,0.0,0,0.54237288,5.0,46,La Rioja
2022,A,3871.0,20218.0,0.0,0.0,0,0.16069575,16347.0,50,Mendoza
2022,B,344.0,3930.0,0.0,0.0,0,0.08048666,3586.0,50,Mendoza
2022,C,10636.0,35583.0,0.0,0.0,0,0.23012181,24947.0,50,Mendoza
2022,D,248.0,2054.0,0.0,0.0,0,0.10773241,1806.0,50,Mendoza
2022,E,217.0,1795.0,0.0,0.0,0,0.10785288,1578.0,50,Mendoza
2022,F,985.0,15937.0,0.0,0.0,0,0.05820825,14952.0,50,Mendoza
2022,G,14316.0,30206.0,0.0,0.0,0,0.3215489,15890.0,50,Mendoza
2022,H,1528.0,18055.0,0.0,0.0,0,0.07802686,16527.0,50,Mendoza
2022,I,5803.0,6326.0,0.0,0.0,0,0.4784401,523.0,50,Mendoza
2022,J,1451.0,3750.0,0.0,0.0,0,0.27898481,2299.0,50,Mendoza
2022,K,2359.0,2553.0,0.0,0.0,0,0.48025244,194.0,50,Mendoza
2022,L,442.0,999.0,0.0,0.0,0,0.30673144,557.0,50,Mendoza
2022,M,1768.0,3287.0,0.0,0.0,0,0.34975272,1519.0,50,Mendoza
2022,N,7418.0,16817.0,0.0,0.0,0,0.30608624,9399.0,50,Mendoza
2022,O,172.0,237.0,0.0,0.0,0,0.4205379,65.0,50,Mendoza
2022,P,13257.0,5036.0,0.0,0.0,0,0.72470344,8221.0,50,Mendoza
2022,Q,7205.0,3360.0,0.0,0.0,0,0.68196876,3845.0,50,Mendoza
2022,R,561.0,1251.0,0.0,0.0,0,0.30960265,690.0,50,Mendoza
2022,S,3913.0,4274.0,0.0,0.0,0,0.47795285,361.0,50,Mendoza
2022,T,1.0,0.0,0.0,0.0,0,1.0,1.0,50,Mendoza
2022,U,16.0,23.0,0.0,0.0,0,0.41025641,7.0,50,Mendoza
2022,A,787.0,9704.0,0.0,0.0,0,0.07501668,8917.0,54,Misiones
2022,C,1917.0,20339.0,0.0,0.0,0,0.08613408,18422.0,54,Misiones
2022,E,103.0,646.0,0.0,0.0,0,0.13751669,543.0,54,Misiones
2022,F,461.0,9241.0,0.0,0.0,0,0.04751598,8780.0,54,Misiones
2022,G,6618.0,15234.0,0.0,0.0,0,0.30285557,8616.0,54,Misiones
2022,H,536.0,6787.0,0.0,0.0,0,0.07319405,6251.0,54,Misiones
2022,I,2229.0,2649.0,0.0,0.0,0,0.45694957,420.0,54,Misiones
2022,J,479.0,1190.0,0.0,0.0,0,0.2869982,711.0,54,Misiones
2022,K,621.0,701.0,0.0,0.0,0,0.46974281,80.0,54,Misiones
2022,L,104.0,308.0,0.0,0.0,0,0.25242718,204.0,54,Misiones
2022,M,550.0,949.0,0.0,0.0,0,0.36691127,399.0,54,Misiones
2022,N,1733.0,3293.0,0.0,0.0,0,0.344807,1560.0,54,Misiones
2022,O,260.0,262.0,0.0,0.0,0,0.49808429,2.0,54,Misiones
2022,P,6695.0,2886.0,0.0,0.0,0,0.69877883,3809.0,54,Misiones
2022,Q,2257.0,1001.0,0.0,0.0,0,0.69275629,1256.0,54,Misiones
2022,R,789.0,1153.0,0.0,0.0,0,0.40628218,364.0,54,Misiones
2022,S,2820.0,2191.0,0.0,0.0,0,0.56276192,629.0,54,Misiones
2022,D,625.0,2738.0,0.0,0.0,0,0.18584597,2113.0,54,Misiones
2022,B,14.0,171.0,0.0,0.0,0,0.07567568,157.0,54,Misiones
2022,U,43.0,21.0,0.0,0.0,0,0.671875,22.0,54,Misiones
2022,A,825.0,4377.0,0.0,0.0,0,0.15859285,3552.0,58,Neuquen
2022,C,1576.0,7515.0,0.0,0.0,0,0.17335827,5939.0,58,Neuquen
2022,F,1367.0,14775.0,0.0,0.0,0,0.08468591,13408.0,58,Neuquen
2022,G,8302.0,13544.0,0.0,0.0,0,0.3800238,5242.0,58,Neuquen
2022,H,1049.0,7305.0,0.0,0.0,0,0.12556859,6256.0,58,Neuquen
2022,I,3850.0,3124.0,0.0,0.0,0,0.55205047,726.0,58,Neuquen
2022,J,386.0,1031.0,0.0,0.0,0,0.27240649,645.0,58,Neuquen
2022,K,1407.0,1234.0,0.0,0.0,0,0.53275275,173.0,58,Neuquen
2022,L,294.0,556.0,0.0,0.0,0,0.34588235,262.0,58,Neuquen
2022,M,1200.0,2258.0,0.0,0.0,0,0.3470214,1058.0,58,Neuquen
2022,N,2887.0,6656.0,0.0,0.0,0,0.30252541,3769.0,58,Neuquen
2022,P,3252.0,1046.0,0.0,0.0,0,0.75663099,2206.0,58,Neuquen
2022,Q,4048.0,1769.0,0.0,0.0,0,0.69589135,2279.0,58,Neuquen
2022,R,588.0,820.0,0.0,0.0,0,0.41761364,232.0,58,Neuquen
2022,S,2028.0,2047.0,0.0,0.0,0,0.49766871,19.0,58,Neuquen
2022,B,2259.0,20486.0,0.0,0.0,0,0.09931853,18227.0,58,Neuquen
2022,D,256.0,1386.0,0.0,0.0,0,0.15590743,1130.0,58,Neuquen
2022,E,110.0,823.0,0.0,0.0,0,0.11789925,713.0,58,Neuquen
2022,O,261.0,128.0,0.0,0.0,0,0.67095116,133.0,58,Neuquen
2022,U,4.0,8.0,0.0,0.0,0,0.33333333,4.0,58,Neuquen
2022,A,3050.0,15774.0,0.0,0.0,0,0.1620272,12724.0,62,Rio Negro
2022,B,330.0,2981.0,0.0,0.0,0,0.09966777,2651.0,62,Rio Negro
2022,C,3485.0,11391.0,0.0,0.0,0,0.23426997,7906.0,62,Rio Negro
2022,D,169.0,891.0,0.0,0.0,0,0.15943396,722.0,62,Rio Negro
2022,E,165.0,909.0,0.0,0.0,0,0.15363128,744.0,62,Rio Negro
2022,F,409.0,7106.0,0.0,0.0,0,0.05442448,6697.0,62,Rio Negro
2022,G,8945.0,16179.0,0.0,0.0,0,0.35603407,7234.0,62,Rio Negro
2022,H,632.0,5536.0,0.0,0.0,0,0.10246433,4904.0,62,Rio Negro
2022,I,4554.0,4186.0,0.0,0.0,0,0.52105263,368.0,62,Rio Negro
2022,J,336.0,884.0,0.0,0.0,0,0.27540984,548.0,62,Rio Negro
2022,K,1156.0,949.0,0.0,0.0,0,0.54916865,207.0,62,Rio Negro
2022,L,271.0,398.0,0.0,0.0,0,0.40508221,127.0,62,Rio Negro
2022,M,814.0,1106.0,0.0,0.0,0,0.42395833,292.0,62,Rio Negro
2022,N,1746.0,3176.0,0.0,0.0,0,0.35473385,1430.0,62,Rio Negro
2022,O,119.0,268.0,0.0,0.0,0,0.30749354,149.0,62,Rio Negro
2022,P,3807.0,1345.0,0.0,0.0,0,0.73893634,2462.0,62,Rio Negro
2022,Q,3865.0,1495.0,0.0,0.0,0,0.72108209,2370.0,62,Rio Negro
2022,R,899.0,1410.0,0.0,0.0,0,0.38934604,511.0,62,Rio Negro
2022,S,2676.0,1951.0,0.0,0.0,0,0.5783445,725.0,62,Rio Negro
2022,U,4.0,3.0,0.0,0.0,0,0.57142857,1.0,62,Rio Negro
2022,T,1.0,1.0,0.0,0.0,0,0.5,0.0,62,Rio Negro
2022,A,2685.0,15856.0,0.0,0.0,0,0.1448142,13171.0,66,Salta
2022,B,551.0,3347.0,0.0,0.0,0,0.14135454,2796.0,66,Salta
2022,C,1873.0,12719.0,0.0,87925879.6,2826,0.128358,10846.0,66,Salta
2022,D,133.0,867.0,0.0,0.0,0,0.133,734.0,66,Salta
2022,E,200.0,1469.0,0.0,0.0,0,0.11983223,1269.0,66,Salta
2022,F,665.0,12227.0,0.0,22754932.9,972,0.05158238,11562.0,66,Salta
2022,G,6246.0,14884.0,0.0,0.0,0,0.29559867,8638.0,66,Salta
2022,H,661.0,6656.0,0.0,0.0,0,0.09033757,5995.0,66,Salta
2022,I,2382.0,2776.0,0.0,0.0,0,0.4618069,394.0,66,Salta
2022,J,467.0,1182.0,0.0,0.0,0,0.28320194,715.0,66,Salta
2022,K,1003.0,956.0,0.0,0.0,0,0.51199592,47.0,66,Salta
2022,L,164.0,351.0,0.0,0.0,0,0.3184466,187.0,66,Salta
2022,M,655.0,1446.0,0.0,0.0,0,0.31175631,791.0,66,Salta
2022,N,2207.0,5196.0,0.0,0.0,0,0.29812238,2989.0,66,Salta
2022,P,6649.0,2848.0,0.0,0.0,0,0.70011583,3801.0,66,Salta
2022,Q,3532.0,1579.0,0.0,0.0,0,0.6910585,1953.0,66,Salta
2022,R,418.0,554.0,0.0,0.0,0,0.43004115,136.0,66,Salta
2022,S,2169.0,2222.0,0.0,0.0,0,0.49396493,53.0,66,Salta
2022,O,68.0,76.0,0.0,0.0,0,0.47222222,8.0,66,Salta
2022,U,4.0,1.0,0.0,0.0,0,0.8,3.0,66,Salta
2022,A,507.0,4929.0,0.0,0.0,0,0.09326711,4422.0,70,San Juan
2022,B,492.0,4045.0,0.0,0.0,0,0.1084417,3553.0,70,San Juan
2022,C,2403.0,11548.0,0.0,0.0,0,0.17224572,9145.0,70,San Juan
2022,D,56.0,464.0,0.0,0.0,0,0.10769231,408.0,70,San Juan
2022,E,20.0,502.0,0.0,0.0,0,0.03831418,482.0,70,San Juan
2022,F,548.0,14013.0,0.0,0.0,0,0.03763478,13465.0,70,San Juan
2022,G,4157.0,9176.0,0.0,0.0,0,0.31178279,5019.0,70,San Juan
2022,H,277.0,4572.0,0.0,0.0,0,0.05712518,4295.0,70,San Juan
2022,I,1182.0,1698.0,0.0,0.0,0,0.41041667,516.0,70,San Juan
2022,K,636.0,857.0,0.0,0.0,0,0.42598794,221.0,70,San Juan
2022,L,63.0,161.0,0.0,0.0,0,0.28125,98.0,70,San Juan
2022,M,400.0,853.0,0.0,0.0,0,0.31923384,453.0,70,San Juan
2022,N,1481.0,3600.0,0.0,0.0,0,0.29147806,2119.0,70,San Juan
2022,Q,3134.0,1510.0,0.0,0.0,0,0.67484927,1624.0,70,San Juan
2022,R,332.0,653.0,0.0,0.0,0,0.33705584,321.0,70,San Juan
2022,S,2661.0,1882.0,0.0,0.0,0,0.5857363,779.0,70,San Juan
2022,P,4761.0,1946.0,0.0,0.0,0,0.70985537,2815.0,70,San Juan
2022,J,367.0,845.0,0.0,0.0,0,0.30280528,478.0,70,San Juan
2022,O,39.0,54.0,0.0,0.0,0,0.41935484,15.0,70,San Juan
2022,A,176.0,2575.0,0.0,0.0,0,0.06397674,2399.0,74,San Luis
2022,C,2529.0,15292.0,0.0,0.0,0,0.14191123,12763.0,74,San Luis
2022,D,68.0,439.0,0.0,0.0,0,0.13412229,371.0,74,San Luis
2022,E,32.0,233.0,0.0,0.0,0,0.12075472,201.0,74,San Luis
2022,F,183.0,3885.0,0.0,0.0,0,0.04498525,3702.0,74,San Luis
2022,G,3337.0,6617.0,0.0,0.0,0,0.33524211,3280.0,74,San Luis
2022,H,143.0,2011.0,0.0,0.0,0,0.06638812,1868.0,74,San Luis
2022,I,982.0,829.0,0.0,0.0,0,0.54224186,153.0,74,San Luis
2022,J,367.0,953.0,0.0,0.0,0,0.2780303,586.0,74,San Luis
2022,K,509.0,546.0,0.0,0.0,0,0.48246445,37.0,74,San Luis
2022,M,210.0,425.0,0.0,0.0,0,0.33070866,215.0,74,San Luis
2022,N,1047.0,3264.0,0.0,0.0,0,0.24286708,2217.0,74,San Luis
2022,O,162.0,298.0,0.0,0.0,0,0.35217391,136.0,74,San Luis
2022,P,3387.0,1350.0,0.0,0.0,0,0.7150095,2037.0,74,San Luis
2022,Q,1704.0,646.0,0.0,0.0,0,0.72510638,1058.0,74,San Luis
2022,R,471.0,548.0,0.0,0.0,0,0.46221786,77.0,74,San Luis
2022,S,688.0,719.0,0.0,0.0,0,0.48898365,31.0,74,San Luis
2022,B,10.0,261.0,0.0,0.0,0,0.03690037,251.0,74,San Luis
2022,L,99.0,174.0,0.0,0.0,0,0.36263736,75.0,74,San Luis
2022,A,385.0,3607.0,0.0,0.0,0,0.09644289,3222.0,78,Santa Cruz
2022,B,1239.0,14962.0,0.0,0.0,0,0.07647676,13723.0,78,Santa Cruz
2022,C,849.0,2337.0,0.0,0.0,0,0.26647834,1488.0,78,Santa Cruz
2022,D,62.0,273.0,0.0,0.0,0,0.18507463,211.0,78,Santa Cruz
2022,E,7.0,76.0,0.0,0.0,0,0.08433735,69.0,78,Santa Cruz
2022,F,489.0,6410.0,0.0,0.0,0,0.07087984,5921.0,78,Santa Cruz
2022,G,3578.0,4972.0,0.0,0.0,0,0.41847953,1394.0,78,Santa Cruz
2022,H,437.0,4001.0,0.0,0.0,0,0.09846778,3564.0,78,Santa Cruz
2022,I,2172.0,2193.0,0.0,0.0,0,0.4975945,21.0,78,Santa Cruz
2022,J,216.0,564.0,0.0,0.0,0,0.27692308,348.0,78,Santa Cruz
2022,K,574.0,393.0,0.0,0.0,0,0.59358842,181.0,78,Santa Cruz
2022,M,378.0,698.0,0.0,0.0,0,0.35130112,320.0,78,Santa Cruz
2022,N,1176.0,2254.0,0.0,0.0,0,0.34285714,1078.0,78,Santa Cruz
2022,O,44.0,35.0,0.0,0.0,0,0.55696203,9.0,78,Santa Cruz
2022,P,1568.0,618.0,0.0,0.0,0,0.71729186,950.0,78,Santa Cruz
2022,Q,882.0,520.0,0.0,0.0,0,0.62910128,362.0,78,Santa Cruz
2022,R,227.0,192.0,0.0,0.0,0,0.54176611,35.0,78,Santa Cruz
2022,S,793.0,703.0,0.0,0.0,0,0.53008021,90.0,78,Santa Cruz
2022,L,62.0,59.0,0.0,0.0,0,0.51239669,3.0,78,Santa Cruz
2022,U,3.0,1.0,0.0,0.0,0,0.75,2.0,78,Santa Cruz
2022,A,2463.0,23363.0,0.0,0.0,0,0.09536901,20900.0,82,Santa Fe
2022,C,18409.0,118854.0,0.0,0.0,0,0.1341148,100445.0,82,Santa Fe
2022,D,555.0,2508.0,0.0,20807843.76,700,0.18119491,1953.0,82,Santa Fe
2022,E,613.0,4148.0,0.0,0.0,0,0.12875446,3535.0,82,Santa Fe
2022,F,2154.0,36402.0,0.0,0.0,0,0.05586679,34248.0,82,Santa Fe
2022,G,34639.0,69056.0,0.0,0.0,0,0.33404696,34417.0,82,Santa Fe
2022,H,2481.0,32013.0,0.0,0.0,0,0.07192555,29532.0,82,Santa Fe
2022,I,7875.0,7016.0,0.0,0.0,0,0.52884293,859.0,82,Santa Fe
2022,J,5250.0,11442.0,0.0,0.0,0,0.31452193,6192.0,82,Santa Fe
2022,K,7752.0,8885.0,0.0,0.0,0,0.46594939,1133.0,82,Santa Fe
2022,L,1514.0,1853.0,0.0,0.0,0,0.44965845,339.0,82,Santa Fe
2022,M,4220.0,5564.0,0.0,0.0,0,0.43131643,1344.0,82,Santa Fe
2022,N,11404.0,23281.0,0.0,0.0,0,0.32878766,11877.0,82,Santa Fe
2022,O,504.0,351.0,0.0,0.0,0,0.58947368,153.0,82,Santa Fe
2022,P,31591.0,10417.0,0.0,0.0,0,0.75202342,21174.0,82,Santa Fe
2022,Q,18165.0,5807.0,0.0,0.0,0,0.75775905,12358.0,82,Santa Fe
2022,R,2624.0,4031.0,0.0,0.0,0,0.39429001,1407.0,82,Santa Fe
2022,S,14004.0,10708.0,0.0,0.0,0,0.56668825,3296.0,82,Santa Fe
2022,B,173.0,1240.0,0.0,0.0,0,0.12243454,1067.0,82,Santa Fe
2022,T,2.0,0.0,0.0,0.0,0,1.0,2.0,82,Santa Fe
2022,U,18.0,9.0,0.0,0.0,0,0.66666667,9.0,82,Santa Fe
2022,A,198.0,3260.0,0.0,0.0,0,0.05725853,3062.0,86,Santiago Del Estero
2022,B,20.0,297.0,0.0,0.0,0,0.06309148,277.0,86,Santiago Del Estero
2022,C,756.0,4554.0,0.0,0.0,0,0.14237288,3798.0,86,Santiago Del Estero
2022,F,451.0,9334.0,0.0,0.0,0,0.04609096,8883.0,86,Santiago Del Estero
2022,G,4159.0,9562.0,0.0,0.0,0,0.30311202,5403.0,86,Santiago Del Estero
2022,H,220.0,2497.0,0.0,0.0,0,0.08097166,2277.0,86,Santiago Del Estero
2022,I,959.0,1255.0,0.0,0.0,0,0.43315266,296.0,86,Santiago Del Estero
2022,K,616.0,794.0,0.0,0.0,0,0.43687943,178.0,86,Santiago Del Estero
2022,L,48.0,135.0,0.0,0.0,0,0.26229508,87.0,86,Santiago Del Estero
2022,P,4272.0,2044.0,0.0,0.0,0,0.67637745,2228.0,86,Santiago Del Estero
2022,S,1477.0,1292.0,0.0,0.0,0,0.53340556,185.0,86,Santiago Del Estero
2022,J,216.0,707.0,0.0,0.0,0,0.2340195,491.0,86,Santiago Del Estero
2022,M,188.0,630.0,0.0,0.0,0,0.22982885,442.0,86,Santiago Del Estero
2022,N,576.0,1603.0,0.0,0.0,0,0.26434144,1027.0,86,Santiago Del Estero
2022,Q,1579.0,666.0,0.0,0.0,0,0.70334076,913.0,86,Santiago Del Estero
2022,R,107.0,335.0,0.0,0.0,0,0.24208145,228.0,86,Santiago Del Estero
2022,D,55.0,470.0,0.0,0.0,0,0.1047619,415.0,86,Santiago Del Estero
2022,E,53.0,323.0,0.0,0.0,0,0.14095745,270.0,86,Santiago Del Estero
2022,O,133.0,103.0,0.0,0.0,0,0.56355932,30.0,86,Santiago Del Estero
2022,A,4454.0,33381.0,0.0,0.0,0,0.11772169,28927.0,90,Tucuman
2022,B,19.0,236.0,0.0,0.0,0,0.0745098,217.0,90,Tucuman
2022,C,2846.0,22759.0,0.0,0.0,0,0.11115017,19913.0,90,Tucuman
2022,F,540.0,9354.0,0.0,0.0,0,0.05457853,8814.0,90,Tucuman
2022,G,9413.0,21235.0,0.0,0.0,0,0.3071326,11822.0,90,Tucuman
2022,H,841.0,10532.0,0.0,0.0,0,0.07394707,9691.0,90,Tucuman
2022,I,1824.0,2941.0,0.0,0.0,0,0.38279119,1117.0,90,Tucuman
2022,K,1685.0,1807.0,0.0,0.0,0,0.4825315,122.0,90,Tucuman
2022,L,308.0,564.0,0.0,0.0,0,0.35321101,256.0,90,Tucuman
2022,M,754.0,1561.0,0.0,0.0,0,0.32570194,807.0,90,Tucuman
2022,N,6101.0,12275.0,0.0,0.0,0,0.33200914,6174.0,90,Tucuman
2022,P,9297.0,4361.0,0.0,0.0,0,0.68069996,4936.0,90,Tucuman
2022,Q,5291.0,2784.0,0.0,0.0,0,0.6552322,2507.0,90,Tucuman
2022,S,2293.0,2895.0,0.0,0.0,0,0.4419815,602.0,90,Tucuman
2022,D,179.0,893.0,0.0,0.0,0,0.16697761,714.0,90,Tucuman
2022,E,168.0,1261.0,0.0,0.0,0,0.11756473,1093.0,90,Tucuman
2022,J,668.0,1922.0,0.0,0.0,0,0.25791506,1254.0,90,Tucuman
2022,O,48.0,100.0,0.0,0.0,0,0.32432432,52.0,90,Tucuman
2022,R,408.0,865.0,0.0,0.0,0,0.32050275,457.0,90,Tucuman
2022,A,99.0,922.0,0.0,0.0,0,0.09696376,823.0,94,Tierra Del Fuego
2022,B,45.0,720.0,0.0,0.0,0,0.05882353,675.0,94,Tierra Del Fuego
2022,C,4169.0,8343.0,0.0,0.0,0,0.33320013,4174.0,94,Tierra Del Fuego
2022,D,20.0,183.0,0.0,0.0,0,0.09852217,163.0,94,Tierra Del Fuego
2022,E,29.0,638.0,0.0,0.0,0,0.04347826,609.0,94,Tierra Del Fuego
2022,F,121.0,2241.0,0.0,0.0,0,0.05122777,2120.0,94,Tierra Del Fuego
2022,G,2345.0,3657.0,0.0,0.0,0,0.3907031,1312.0,94,Tierra Del Fuego
2022,H,417.0,2882.0,0.0,0.0,0,0.12640194,2465.0,94,Tierra Del Fuego
2022,I,1501.0,1565.0,0.0,0.0,0,0.48956295,64.0,94,Tierra Del Fuego
2022,J,88.0,350.0,0.0,0.0,0,0.20091324,262.0,94,Tierra Del Fuego
2022,K,314.0,226.0,0.0,0.0,0,0.58148148,88.0,94,Tierra Del Fuego
2022,L,57.0,69.0,0.0,0.0,0,0.45238095,12.0,94,Tierra Del Fuego
2022,M,458.0,348.0,0.0,0.0,0,0.56823821,110.0,94,Tierra Del Fuego
2022,N,700.0,1246.0,0.0,0.0,0,0.35971223,546.0,94,Tierra Del Fuego
2022,O,29.0,38.0,0.0,0.0,0,0.43283582,9.0,94,Tierra Del Fuego
2022,P,1467.0,654.0,0.0,0.0,0,0.69165488,813.0,94,Tierra Del Fuego
2022,Q,722.0,312.0,0.0,0.0,0,0.69825919,410.0,94,Tierra Del Fuego
2022,R,206.0,239.0,0.0,0.0,0,0.46292135,33.0,94,Tierra Del Fuego
2022,S,269.0,308.0,0.0,0.0,0,0.46620451,39.0,94,Tierra Del Fuego
2022,U,5.0,1.0,0.0,0.0,0,0.83333333,4.0,94,Tierra Del Fuego
