anio,letra,empleo,establecimientos,exportadoras,salario_promedio_anual_deflactado,meses_completos,empleo_total_geo,establecimientos_total_geo,share_empleo,densidad_estab,intensidad_export,promedio_empleo_sector,provincia_id,provincia
2022,A,16003.0,4877.0,263.0,0.0,0,1596397.0,212077.0,0.01002445,0.30475536,0.05392659,292.04,2,CABA
2022,B,13222.0,512.0,223.0,578571.47,780,1596397.0,212077.0,0.0082824,0.03872334,0.43554688,269.27,2,CABA
2022,C,152697.0,18863.0,3517.0,243034.92,19251,1596397.0,212077.0,0.09565102,0.12353222,0.18644966,10698.38,2,CABA
2022,D,8691.0,261.0,40.0,0.0,0,1596397.0,212077.0,0.00544413,0.03003107,0.1532567,459.11,2,CABA
2022,E,14903.0,284.0,10.0,0.0,0,1596397.0,212077.0,0.0093354,0.01905657,0.03521127,0.0,2,CABA
2022,F,85521.0,9219.0,156.0,176692.79,2135,1596397.0,212077.0,0.05357126,0.10779808,0.01692158,2058.31,2,CABA
2022,G,207308.0,46109.0,3802.0,0.0,0,1596397.0,212077.0,0.12985993,0.22241785,0.08245679,6699.54,2,CABA
2022,H,130532.0,10759.0,367.0,0.0,0,1596397.0,212077.0,0.08176663,0.08242423,0.03411098,0.0,2,CABA
2022,I,82572.0,12888.0,335.0,0.0,0,1596397.0,212077.0,0.05172398,0.15608196,0.02599317,0.0,2,CABA
2022,J,146642.0,10461.0,566.0,0.0,0,1596397.0,212077.0,0.0918581,0.071337,0.05410573,0.0,2,CABA
2022,K,118271.0,5700.0,5.0,0.0,0,1596397.0,212077.0,0.07408621,0.0481944,0.00087719,0.0,2,CABA
2022,L,22066.0,12760.0,7.0,0.0,0,1596397.0,212077.0,0.01382238,0.5782652,0.00054859,0.0,2,CABA
2022,M,90484.0,15525.0,123.0,0.0,0,1596397.0,212077.0,0.05668014,0.1715773,0.00792271,0.0,2,CABA
2022,N,191898.0,13570.0,71.0,148753.19,2597,1596397.0,212077.0,0.12020694,0.07071465,0.00523213,16706.94,2,CABA
2022,O,3714.0,327.0,0.0,0.0,0,1596397.0,212077.0,0.00232649,0.08804523,0.0,0.0,2,CABA
2022,P,88289.0,3026.0,8.0,0.0,0,1596397.0,212077.0,0.05530517,0.03427381,0.00264375,0.0,2,CABA
2022,Q,96015.0,7104.0,41.0,0.0,0,1596397.0,212077.0,0.06014481,0.07398844,0.0057714,0.0,2,CABA
2022,R,23003.0,2717.0,72.0,0.0,0,1596397.0,212077.0,0.01440932,0.11811503,0.02649982,0.0,2,CABA
2022,S,103170.0,36892.0,47.0,0.0,0,1596397.0,212077.0,0.06462678,0.35758457,0.00127399,0.0,2,CABA
2022,T,17.0,14.0,0.0,0.0,0,1596397.0,212077.0,1.065e-05,0.82352941,0.0,0.0,2,CABA
2022,U,1379.0,209.0,7.0,0.0,0,1596397.0,212077.0,0.00086382,0.1515591,0.03349282,0.0,2,CABA
2022,A,75736.0,22886.0,535.0,113032.72,34177,2108119.0,302925.0,0.03592587,0.30218126,0.02337674,660.95,6,Buenos Aires
2022,C,540913.0,43360.0,8205.0,302625.42,109472,2108119.0,302925.0,0.25658561,0.08016077,0.1892297,1063.57,6,Buenos Aires
2022,D,19767.0,1021.0,84.0,403468.37,4318,2108119.0,302925.0,0.00937661,0.05165174,0.08227228,113.65,6,Buenos Aires
2022,F,120649.0,14145.0,166.0,151191.51,9240,2108119.0,302925.0,0.05723064,0.11724092,0.0117356,322.76,6,Buenos Aires
2022,G,390364.0,94117.0,3248.0,168192.51,98280,2108119.0,302925.0,0.18517171,0.24110061,0.03451024,1294.27,6,Buenos Aires
2022,H,175466.0,16690.0,690.0,0.0,0,2108119.0,302925.0,0.08323344,0.09511814,0.04134212,0.0,6,Buenos Aires
2022,I,85072.0,16861.0,269.0,0.0,0,2108119.0,302925.0,0.04035446,0.19819682,0.01595398,0.0,6,Buenos Aires
2022,J,39681.0,4333.0,758.0,0.0,0,2108119.0,302925.0,0.01882294,0.10919584,0.17493653,0.0,6,Buenos Aires
2022,K,33139.0,7062.0,0.0,0.0,0,2108119.0,302925.0,0.0157197,0.21310239,0.0,0.0,6,Buenos Aires
2022,L,13156.0,6571.0,11.0,0.0,0,2108119.0,302925.0,0.00624063,0.49946792,0.00167402,0.0,6,Buenos Aires
2022,M,37626.0,12084.0,114.0,0.0,0,2108119.0,302925.0,0.01784814,0.3211609,0.00943396,0.0,6,Buenos Aires
2022,N,140696.0,16044.0,83.0,122457.25,15509,2108119.0,302925.0,0.06674007,0.11403309,0.00517327,2214.39,6,Buenos Aires
2022,P,192869.0,6971.0,2.0,0.0,0,2108119.0,302925.0,0.09148867,0.0361437,0.0002869,0.0,6,Buenos Aires
2022,Q,96313.0,11819.0,73.0,0.0,0,2108119.0,302925.0,0.0456867,0.12271448,0.0061765,0.0,6,Buenos Aires
2022,R,30052.0,5345.0,39.0,0.0,0,2108119.0,302925.0,0.01425536,0.17785838,0.00729654,0.0,6,Buenos Aires
2022,S,80741.0,21258.0,27.0,0.0,0,2108119.0,302925.0,0.03830002,0.26328631,0.00127011,0.0,6,Buenos Aires
2022,E,22221.0,1087.0,29.0,0.0,0,2108119.0,302925.0,0.01054068,0.04891769,0.02667893,0.0,6,Buenos Aires
2022,O,5807.0,738.0,0.0,0.0,0,2108119.0,302925.0,0.00275459,0.127088,0.0,0.0,6,Buenos Aires
2022,B,7763.0,496.0,223.0,0.0,0,2108119.0,302925.0,0.00368243,0.06389282,0.44959677,129.73,6,Buenos Aires
2022,U,79.0,29.0,0.0,0.0,0,2108119.0,302925.0,3.747e-05,0.36708861,0.0,0.0,6,Buenos Aires
2022,T,9.0,8.0,0.0,0.0,0,2108119.0,302925.0,4.27e-06,0.88888889,0.0,0.0,6,Buenos Aires
2022,A,2137.0,382.0,24.0,0.0,0,34191.0,5047.0,0.06250183,0.17875526,0.06282723,146.16,10,Catamarca
2022,C,5699.0,386.0,69.0,0.0,0,34191.0,5047.0,0.16668129,0.06773118,0.17875648,532.69,10,Catamarca
2022,F,4944.0,371.0,8.0,0.0,0,34191.0,5047.0,0.14459946,0.07504045,0.02156334,463.13,10,Catamarca
2022,G,6728.0,1854.0,24.0,0.0,0,34191.0,5047.0,0.19677693,0.2755648,0.01294498,484.84,10,Catamarca
2022,H,1355.0,287.0,32.0,0.0,0,34191.0,5047.0,0.03963031,0.21180812,0.11149826,0.0,10,Catamarca
2022,I,1098.0,332.0,0.0,0.0,0,34191.0,5047.0,0.03211371,0.30236794,0.0,0.0,10,Catamarca
2022,L,221.0,61.0,0.0,0.0,0,34191.0,5047.0,0.00646369,0.2760181,0.0,0.0,10,Catamarca
2022,N,1412.0,225.0,2.0,0.0,0,34191.0,5047.0,0.04129742,0.15934844,0.00888889,809.53,10,Catamarca
2022,Q,1802.0,245.0,0.0,0.0,0,34191.0,5047.0,0.05270393,0.13596004,0.0,0.0,10,Catamarca
2022,M,586.0,179.0,7.0,0.0,0,34191.0,5047.0,0.01713901,0.30546075,0.03910615,0.0,10,Catamarca
2022,B,1795.0,65.0,41.0,0.0,0,34191.0,5047.0,0.0524992,0.0362117,0.63076923,91.83,10,Catamarca
2022,J,597.0,98.0,19.0,0.0,0,34191.0,5047.0,0.01746074,0.1641541,0.19387755,0.0,10,Catamarca
2022,K,701.0,150.0,0.0,0.0,0,34191.0,5047.0,0.02050247,0.21398003,0.0,0.0,10,Catamarca
2022,O,34.0,11.0,0.0,0.0,0,34191.0,5047.0,0.00099441,0.32352941,0.0,0.0,10,Catamarca
2022,P,3522.0,89.0,0.0,0.0,0,34191.0,5047.0,0.10300956,0.02526973,0.0,0.0,10,Catamarca
2022,S,694.0,269.0,0.0,0.0,0,34191.0,5047.0,0.02029774,0.38760807,0.0,0.0,10,Catamarca
2022,E,318.0,5.0,0.0,0.0,0,34191.0,5047.0,0.00930069,0.01572327,0.0,0.0,10,Catamarca
2022,D,481.0,8.0,3.0,0.0,0,34191.0,5047.0,0.01406803,0.01663202,0.375,749.42,10,Catamarca
2022,R,67.0,30.0,0.0,0.0,0,34191.0,5047.0,0.00195958,0.44776119,0.0,0.0,10,Catamarca
2022,A,30998.0,10641.0,153.0,0.0,0,537565.0,86771.0,0.05766372,0.34328021,0.01437835,1240.79,14,Cordoba
2022,B,1882.0,203.0,33.0,0.0,0,537565.0,86771.0,0.00350097,0.10786397,0.16256158,181.17,14,Cordoba
2022,C,111036.0,9974.0,1781.0,0.0,0,537565.0,86771.0,0.20655363,0.08982672,0.17856427,4400.97,14,Cordoba
2022,D,10090.0,560.0,15.0,0.0,0,537565.0,86771.0,0.01876982,0.0555005,0.02678571,383.9,14,Cordoba
2022,E,2882.0,211.0,1.0,0.0,0,537565.0,86771.0,0.00536121,0.07321305,0.00473934,0.0,14,Cordoba
2022,F,33801.0,3480.0,42.0,139752.94,2295,537565.0,86771.0,0.06287798,0.10295553,0.01206897,1440.93,14,Cordoba
2022,G,109387.0,25304.0,845.0,138742.67,19458,537565.0,86771.0,0.20348609,0.23132548,0.03339393,4207.11,14,Cordoba
2022,H,29571.0,6433.0,191.0,0.0,0,537565.0,86771.0,0.05500916,0.21754422,0.02969066,0.0,14,Cordoba
2022,I,19524.0,4863.0,39.0,0.0,0,537565.0,86771.0,0.03631933,0.24907806,0.00801974,0.0,14,Cordoba
2022,J,18393.0,1792.0,200.0,0.0,0,537565.0,86771.0,0.0342154,0.09742837,0.11160714,0.0,14,Cordoba
2022,K,11952.0,2221.0,0.0,0.0,0,537565.0,86771.0,0.02223359,0.18582664,0.0,0.0,14,Cordoba
2022,L,3796.0,2183.0,12.0,0.0,0,537565.0,86771.0,0.00706147,0.57507903,0.00549702,0.0,14,Cordoba
2022,M,8568.0,3465.0,15.0,0.0,0,537565.0,86771.0,0.01593854,0.40441176,0.004329,0.0,14,Cordoba
2022,N,49882.0,4515.0,19.0,0.0,0,537565.0,86771.0,0.0927925,0.09051361,0.00420819,9112.02,14,Cordoba
2022,O,1938.0,201.0,0.0,0.0,0,537565.0,86771.0,0.00360515,0.10371517,0.0,0.0,14,Cordoba
2022,P,44062.0,1842.0,0.0,0.0,0,537565.0,86771.0,0.0819659,0.04180473,0.0,0.0,14,Cordoba
2022,Q,26862.0,3075.0,11.0,0.0,0,537565.0,86771.0,0.04996977,0.11447398,0.00357724,0.0,14,Cordoba
2022,R,5316.0,814.0,22.0,0.0,0,537565.0,86771.0,0.00988904,0.15312265,0.02702703,0.0,14,Cordoba
2022,S,17578.0,4980.0,11.0,0.0,0,537565.0,86771.0,0.0326993,0.28330868,0.00220884,0.0,14,Cordoba
2022,U,47.0,14.0,0.0,0.0,0,537565.0,86771.0,8.743e-05,0.29787234,0.0,0.0,14,Cordoba
2022,A,12150.0,2423.0,76.0,0.0,0,81033.0,13984.0,0.14993891,0.19942387,0.03136608,510.97,18,Corrientes
2022,B,342.0,38.0,5.0,0.0,0,81033.0,13984.0,0.0042205,0.11111111,0.13157895,66.79,18,Corrientes
2022,C,11823.0,896.0,220.0,0.0,0,81033.0,13984.0,0.14590352,0.07578449,0.24553571,684.81,18,Corrientes
2022,D,1791.0,34.0,4.0,0.0,0,81033.0,13984.0,0.02210211,0.01898381,0.11764706,106.9,18,Corrientes
2022,F,5878.0,657.0,8.0,0.0,0,81033.0,13984.0,0.07253835,0.11177271,0.01217656,367.5,18,Corrientes
2022,G,19916.0,4612.0,71.0,0.0,0,81033.0,13984.0,0.24577641,0.2315726,0.01539462,797.04,18,Corrientes
2022,H,4928.0,766.0,66.0,0.0,0,81033.0,13984.0,0.06081473,0.15543831,0.08616188,0.0,18,Corrientes
2022,I,3278.0,626.0,0.0,0.0,0,81033.0,13984.0,0.04045266,0.1909701,0.0,0.0,18,Corrientes
2022,J,1526.0,272.0,46.0,0.0,0,81033.0,13984.0,0.01883183,0.17824377,0.16911765,0.0,18,Corrientes
2022,K,2005.0,493.0,0.0,0.0,0,81033.0,13984.0,0.02474301,0.24588529,0.0,0.0,18,Corrientes
2022,L,358.0,205.0,0.0,0.0,0,81033.0,13984.0,0.00441795,0.5726257,0.0,0.0,18,Corrientes
2022,M,1313.0,499.0,0.0,0.0,0,81033.0,13984.0,0.01620328,0.3800457,0.0,0.0,18,Corrientes
2022,N,3880.0,492.0,2.0,0.0,0,81033.0,13984.0,0.04788173,0.12680412,0.00406504,1107.14,18,Corrientes
2022,O,173.0,51.0,0.0,0.0,0,81033.0,13984.0,0.00213493,0.29479769,0.0,0.0,18,Corrientes
2022,P,4309.0,241.0,0.0,0.0,0,81033.0,13984.0,0.05317587,0.05592945,0.0,0.0,18,Corrientes
2022,Q,2478.0,615.0,10.0,0.0,0,81033.0,13984.0,0.03058013,0.24818402,0.01626016,0.0,18,Corrientes
2022,R,1076.0,194.0,1.0,0.0,0,81033.0,13984.0,0.01327854,0.1802974,0.00515464,0.0,18,Corrientes
2022,S,3187.0,835.0,1.0,0.0,0,81033.0,13984.0,0.03932966,0.26200188,0.0011976,0.0,18,Corrientes
2022,E,619.0,34.0,0.0,0.0,0,81033.0,13984.0,0.00763886,0.0549273,0.0,0.0,18,Corrientes
2022,U,3.0,1.0,0.0,0.0,0,81033.0,13984.0,3.702e-05,0.33333333,0.0,0.0,18,Corrientes
2022,A,6820.0,2369.0,31.0,0.0,0,87672.0,13877.0,0.07778994,0.3473607,0.01308569,277.94,22,Chaco
2022,B,70.0,12.0,3.0,0.0,0,87672.0,13877.0,0.00079843,0.17142857,0.25,60.75,22,Chaco
2022,C,7620.0,1047.0,184.0,0.0,0,87672.0,13877.0,0.08691486,0.13740157,0.17574021,354.71,22,Chaco
2022,D,1449.0,99.0,6.0,0.0,0,87672.0,13877.0,0.01652751,0.06832298,0.06060606,74.29,22,Chaco
2022,G,21374.0,4948.0,102.0,0.0,0,87672.0,13877.0,0.24379505,0.23149621,0.02061439,862.73,22,Chaco
2022,H,3663.0,597.0,54.0,0.0,0,87672.0,13877.0,0.04178073,0.16298116,0.09045226,0.0,22,Chaco
2022,I,1271.0,393.0,2.0,0.0,0,87672.0,13877.0,0.01449722,0.30920535,0.00508906,0.0,22,Chaco
2022,J,1801.0,263.0,27.0,0.0,0,87672.0,13877.0,0.02054248,0.14602998,0.1026616,0.0,22,Chaco
2022,K,1959.0,414.0,0.0,0.0,0,87672.0,13877.0,0.02234465,0.21133231,0.0,0.0,22,Chaco
2022,L,225.0,132.0,1.0,0.0,0,87672.0,13877.0,0.00256638,0.58666667,0.00757576,0.0,22,Chaco
2022,M,989.0,417.0,1.0,0.0,0,87672.0,13877.0,0.01128068,0.42163802,0.00239808,0.0,22,Chaco
2022,N,13137.0,435.0,7.0,0.0,0,87672.0,13877.0,0.1498426,0.03311258,0.01609195,1611.25,22,Chaco
2022,P,7130.0,385.0,0.0,0.0,0,87672.0,13877.0,0.08132585,0.05399719,0.0,0.0,22,Chaco
2022,Q,3514.0,613.0,9.0,0.0,0,87672.0,13877.0,0.04008121,0.17444508,0.01468189,0.0,22,Chaco
2022,R,924.0,180.0,3.0,0.0,0,87672.0,13877.0,0.01053928,0.19480519,0.01666667,0.0,22,Chaco
2022,S,4560.0,874.0,1.0,0.0,0,87672.0,13877.0,0.05201204,0.19166667,0.00114416,0.0,22,Chaco
2022,F,7612.0,627.0,4.0,0.0,0,87672.0,13877.0,0.08682362,0.08236994,0.00637959,504.18,22,Chaco
2022,O,276.0,48.0,0.0,0.0,0,87672.0,13877.0,0.0031481,0.17391304,0.0,0.0,22,Chaco
2022,E,3274.0,23.0,0.0,0.0,0,87672.0,13877.0,0.03734374,0.00702505,0.0,0.0,22,Chaco
2022,U,4.0,1.0,0.0,0.0,0,87672.0,13877.0,4.562e-05,0.25,0.0,0.0,22,Chaco
2022,A,7143.0,973.0,72.0,0.0,0,100217.0,14008.0,0.07127533,0.13621728,0.07399794,660.73,26,Chubut
2022,B,14449.0,407.0,89.0,0.0,0,100217.0,14008.0,0.14417714,0.02816804,0.21867322,2916.19,26,Chubut
2022,C,12222.0,1059.0,172.0,0.0,0,100217.0,14008.0,0.12195536,0.08664703,0.16241737,1750.09,26,Chubut
2022,D,3009.0,122.0,15.0,624928.6,270,100217.0,14008.0,0.03002485,0.04054503,0.12295082,386.49,26,Chubut
2022,E,941.0,46.0,0.0,0.0,0,100217.0,14008.0,0.00938962,0.04888417,0.0,0.0,26,Chubut
2022,F,8865.0,699.0,5.0,0.0,0,100217.0,14008.0,0.08845805,0.07884941,0.00715308,1007.08,26,Chubut
2022,G,20727.0,4577.0,143.0,0.0,0,100217.0,14008.0,0.2068212,0.22082308,0.03124317,1819.91,26,Chubut
2022,H,7546.0,1101.0,55.0,0.0,0,100217.0,14008.0,0.07529661,0.14590512,0.04995459,0.0,26,Chubut
2022,I,3733.0,884.0,2.0,0.0,0,100217.0,14008.0,0.03724917,0.23680686,0.00226244,0.0,26,Chubut
2022,J,1461.0,293.0,44.0,0.0,0,100217.0,14008.0,0.01457836,0.20054757,0.15017065,0.0,26,Chubut
2022,K,2467.0,407.0,2.0,0.0,0,100217.0,14008.0,0.02461658,0.16497771,0.004914,0.0,26,Chubut
2022,L,478.0,265.0,5.0,0.0,0,100217.0,14008.0,0.00476965,0.55439331,0.01886792,0.0,26,Chubut
2022,M,1883.0,698.0,5.0,0.0,0,100217.0,14008.0,0.01878923,0.37068508,0.00716332,0.0,26,Chubut
2022,N,3888.0,642.0,6.0,0.0,0,100217.0,14008.0,0.03879581,0.16512346,0.00934579,2802.08,26,Chubut
2022,O,483.0,36.0,0.0,0.0,0,100217.0,14008.0,0.00481954,0.07453416,0.0,0.0,26,Chubut
2022,P,3167.0,230.0,0.0,0.0,0,100217.0,14008.0,0.03160142,0.07262393,0.0,0.0,26,Chubut
2022,Q,3931.0,581.0,0.0,0.0,0,100217.0,14008.0,0.03922488,0.14779954,0.0,0.0,26,Chubut
2022,R,1118.0,209.0,6.0,0.0,0,100217.0,14008.0,0.01115579,0.18694097,0.02870813,0.0,26,Chubut
2022,S,2702.0,777.0,4.0,0.0,0,100217.0,14008.0,0.02696149,0.28756477,0.00514801,0.0,26,Chubut
2022,U,4.0,2.0,0.0,0.0,0,100217.0,14008.0,3.991e-05,0.5,0.0,0.0,26,Chubut
2022,A,16716.0,4471.0,92.0,0.0,0,141767.0,26278.0,0.11791178,0.26746829,0.02057705,922.09,30,Entre Rios
2022,B,428.0,69.0,14.0,0.0,0,141767.0,26278.0,0.00301904,0.16121495,0.20289855,44.88,30,Entre Rios
2022,C,31371.0,2601.0,534.0,0.0,0,141767.0,26278.0,0.22128563,0.08291097,0.20530565,1737.76,30,Entre Rios
2022,D,1477.0,96.0,4.0,0.0,0,141767.0,26278.0,0.0104185,0.06499661,0.04166667,145.85,30,Entre Rios
2022,E,290.0,97.0,0.0,0.0,0,141767.0,26278.0,0.00204561,0.33448276,0.0,0.0,30,Entre Rios
2022,F,8319.0,892.0,13.0,0.0,0,141767.0,26278.0,0.05868079,0.10722443,0.01457399,492.3,30,Entre Rios
2022,G,29061.0,8075.0,184.0,0.0,0,141767.0,26278.0,0.20499129,0.2778638,0.02278638,1667.07,30,Entre Rios
2022,H,6726.0,1519.0,88.0,0.0,0,141767.0,26278.0,0.04744405,0.22584002,0.05793285,0.0,30,Entre Rios
2022,I,3933.0,1174.0,0.0,0.0,0,141767.0,26278.0,0.0277427,0.29849987,0.0,0.0,30,Entre Rios
2022,J,2444.0,407.0,70.0,0.0,0,141767.0,26278.0,0.01723956,0.16653028,0.17199017,0.0,30,Entre Rios
2022,K,3552.0,870.0,0.0,0.0,0,141767.0,26278.0,0.0250552,0.24493243,0.0,0.0,30,Entre Rios
2022,L,658.0,422.0,0.0,0.0,0,141767.0,26278.0,0.00464142,0.64133739,0.0,0.0,30,Entre Rios
2022,M,1825.0,972.0,3.0,0.0,0,141767.0,26278.0,0.01287324,0.53260274,0.00308642,0.0,30,Entre Rios
2022,N,4595.0,738.0,6.0,0.0,0,141767.0,26278.0,0.03241234,0.16060936,0.00813008,3042.6,30,Entre Rios
2022,O,263.0,73.0,0.0,0.0,0,141767.0,26278.0,0.00185516,0.27756654,0.0,0.0,30,Entre Rios
2022,P,16767.0,843.0,8.0,0.0,0,141767.0,26278.0,0.11827153,0.05027733,0.00948992,0.0,30,Entre Rios
2022,Q,6306.0,1188.0,10.0,0.0,0,141767.0,26278.0,0.04448144,0.18839201,0.00841751,0.0,30,Entre Rios
2022,R,1655.0,267.0,0.0,0.0,0,141767.0,26278.0,0.01167408,0.16132931,0.0,0.0,30,Entre Rios
2022,S,5377.0,1500.0,0.0,0.0,0,141767.0,26278.0,0.03792843,0.27896597,0.0,0.0,30,Entre Rios
2022,U,4.0,4.0,0.0,0.0,0,141767.0,26278.0,2.822e-05,1.0,0.0,0.0,30,Entre Rios
2022,A,1538.0,469.0,4.0,0.0,0,26982.0,4501.0,0.05700096,0.30494148,0.00852878,278.73,34,Formosa
2022,C,1751.0,216.0,36.0,0.0,0,26982.0,4501.0,0.06489512,0.12335808,0.16666667,566.76,34,Formosa
2022,F,6470.0,396.0,1.0,0.0,0,26982.0,4501.0,0.23978949,0.06120556,0.00252525,943.75,34,Formosa
2022,G,6741.0,1701.0,31.0,0.0,0,26982.0,4501.0,0.24983322,0.25233645,0.01822457,954.5,34,Formosa
2022,H,1045.0,177.0,25.0,0.0,0,26982.0,4501.0,0.03872952,0.16937799,0.14124294,0.0,34,Formosa
2022,M,284.0,127.0,0.0,0.0,0,26982.0,4501.0,0.01052554,0.4471831,0.0,0.0,34,Formosa
2022,N,1038.0,174.0,2.0,0.0,0,26982.0,4501.0,0.03847009,0.16763006,0.01149425,1096.22,34,Formosa
2022,P,1805.0,93.0,0.0,0.0,0,26982.0,4501.0,0.06689645,0.05152355,0.0,0.0,34,Formosa
2022,Q,1095.0,262.0,5.0,0.0,0,26982.0,4501.0,0.04058261,0.23926941,0.01908397,0.0,34,Formosa
2022,S,1073.0,278.0,0.0,0.0,0,26982.0,4501.0,0.03976725,0.25908667,0.0,0.0,34,Formosa
2022,B,50.0,12.0,2.0,0.0,0,26982.0,4501.0,0.00185309,0.24,0.16666667,45.17,34,Formosa
2022,D,569.0,16.0,4.0,0.0,0,26982.0,4501.0,0.02108813,0.02811951,0.25,441.21,34,Formosa
2022,E,424.0,9.0,0.0,0.0,0,26982.0,4501.0,0.01571418,0.02122642,0.0,0.0,34,Formosa
2022,I,753.0,197.0,0.0,0.0,0,26982.0,4501.0,0.02790749,0.26162019,0.0,0.0,34,Formosa
2022,J,673.0,95.0,14.0,0.0,0,26982.0,4501.0,0.02494255,0.14115899,0.14736842,0.0,34,Formosa
2022,K,1033.0,139.0,0.0,0.0,0,26982.0,4501.0,0.03828478,0.13455954,0.0,0.0,34,Formosa
2022,L,128.0,57.0,1.0,0.0,0,26982.0,4501.0,0.0047439,0.4453125,0.01754386,0.0,34,Formosa
2022,O,67.0,17.0,0.0,0.0,0,26982.0,4501.0,0.00248314,0.25373134,0.0,0.0,34,Formosa
2022,R,445.0,66.0,0.0,0.0,0,26982.0,4501.0,0.01649248,0.14831461,0.0,0.0,34,Formosa
2022,A,7968.0,1534.0,21.0,0.0,0,62476.0,8659.0,0.12753697,0.19252008,0.0136897,921.52,38,Jujuy
2022,B,2899.0,89.0,25.0,0.0,0,62476.0,8659.0,0.04640182,0.03070024,0.28089888,1039.04,38,Jujuy
2022,C,11496.0,547.0,83.0,0.0,0,62476.0,8659.0,0.18400666,0.04758177,0.15173675,943.61,38,Jujuy
2022,D,542.0,60.0,3.0,0.0,0,62476.0,8659.0,0.00867533,0.11070111,0.05,169.62,38,Jujuy
2022,F,7472.0,537.0,4.0,0.0,0,62476.0,8659.0,0.11959793,0.07186831,0.00744879,703.31,38,Jujuy
2022,G,9690.0,2386.0,40.0,0.0,0,62476.0,8659.0,0.15509956,0.24623323,0.01676446,761.08,38,Jujuy
2022,H,4254.0,631.0,23.0,0.0,0,62476.0,8659.0,0.06809015,0.14833098,0.03645008,0.0,38,Jujuy
2022,I,1888.0,550.0,0.0,0.0,0,62476.0,8659.0,0.0302196,0.29131356,0.0,0.0,38,Jujuy
2022,J,1310.0,168.0,15.0,0.0,0,62476.0,8659.0,0.02096805,0.12824427,0.08928571,0.0,38,Jujuy
2022,M,808.0,309.0,0.0,0.0,0,62476.0,8659.0,0.01293297,0.38242574,0.0,0.0,38,Jujuy
2022,N,2344.0,405.0,3.0,0.0,0,62476.0,8659.0,0.03751841,0.17278157,0.00740741,1440.64,38,Jujuy
2022,S,3085.0,527.0,0.0,0.0,0,62476.0,8659.0,0.04937896,0.17082658,0.0,0.0,38,Jujuy
2022,K,837.0,233.0,0.0,0.0,0,62476.0,8659.0,0.01339714,0.27837515,0.0,0.0,38,Jujuy
2022,L,173.0,87.0,2.0,0.0,0,62476.0,8659.0,0.00276906,0.50289017,0.02298851,0.0,38,Jujuy
2022,O,73.0,17.0,0.0,0.0,0,62476.0,8659.0,0.00116845,0.23287671,0.0,0.0,38,Jujuy
2022,P,3640.0,145.0,0.0,0.0,0,62476.0,8659.0,0.05826237,0.03983516,0.0,0.0,38,Jujuy
2022,Q,2590.0,334.0,1.0,0.0,0,62476.0,8659.0,0.04145592,0.12895753,0.00299401,0.0,38,Jujuy
2022,R,410.0,77.0,0.0,0.0,0,62476.0,8659.0,0.00656252,0.18780488,0.0,0.0,38,Jujuy
2022,E,997.0,23.0,2.0,0.0,0,62476.0,8659.0,0.01595813,0.02306921,0.08695652,0.0,38,Jujuy
2022,A,4695.0,2000.0,14.0,0.0,0,40787.0,9898.0,0.11511021,0.42598509,0.007,241.45,42,La Pampa
2022,B,606.0,55.0,16.0,0.0,0,40787.0,9898.0,0.01485768,0.09075908,0.29090909,118.71,42,La Pampa
2022,C,5485.0,656.0,105.0,0.0,0,40787.0,9898.0,0.13447912,0.11959891,0.16006098,328.96,42,La Pampa
2022,D,1711.0,130.0,4.0,0.0,0,40787.0,9898.0,0.04194964,0.07597896,0.03076923,167.61,42,La Pampa
2022,E,155.0,21.0,0.0,0.0,0,40787.0,9898.0,0.00380023,0.13548387,0.0,0.0,42,La Pampa
2022,F,2904.0,314.0,11.0,0.0,0,40787.0,9898.0,0.07119916,0.10812672,0.03503185,334.13,42,La Pampa
2022,G,10975.0,2999.0,115.0,0.0,0,40787.0,9898.0,0.26908083,0.2732574,0.03834612,630.63,42,La Pampa
2022,H,2089.0,619.0,37.0,0.0,0,40787.0,9898.0,0.0512173,0.29631403,0.05977383,0.0,42,La Pampa
2022,I,1131.0,366.0,0.0,0.0,0,40787.0,9898.0,0.02772942,0.32360743,0.0,0.0,42,La Pampa
2022,J,530.0,144.0,22.0,0.0,0,40787.0,9898.0,0.01299434,0.27169811,0.15277778,0.0,42,La Pampa
2022,K,1321.0,302.0,0.0,0.0,0,40787.0,9898.0,0.03238777,0.22861469,0.0,0.0,42,La Pampa
2022,L,236.0,164.0,0.0,0.0,0,40787.0,9898.0,0.00578616,0.69491525,0.0,0.0,42,La Pampa
2022,M,1025.0,504.0,3.0,0.0,0,40787.0,9898.0,0.02513056,0.49170732,0.00595238,0.0,42,La Pampa
2022,N,2082.0,500.0,5.0,0.0,0,40787.0,9898.0,0.05104568,0.2401537,0.01,721.3,42,La Pampa
2022,P,1898.0,107.0,0.0,0.0,0,40787.0,9898.0,0.04653443,0.05637513,0.0,0.0,42,La Pampa
2022,Q,1696.0,384.0,0.0,0.0,0,40787.0,9898.0,0.04158188,0.22641509,0.0,0.0,42,La Pampa
2022,R,474.0,106.0,0.0,0.0,0,40787.0,9898.0,0.01162135,0.22362869,0.0,0.0,42,La Pampa
2022,S,1678.0,503.0,0.0,0.0,0,40787.0,9898.0,0.04114056,0.29976162,0.0,0.0,42,La Pampa
2022,O,96.0,24.0,0.0,0.0,0,40787.0,9898.0,0.00235369,0.25,0.0,0.0,42,La Pampa
2022,A,4803.0,357.0,38.0,0.0,0,32613.0,4391.0,0.14727256,0.07432854,0.10644258,458.02,46,La Rioja
2022,C,8848.0,389.0,123.0,0.0,0,32613.0,4391.0,0.27130285,0.04396474,0.31619537,1061.07,46,La Rioja
2022,D,570.0,32.0,3.0,0.0,0,32613.0,4391.0,0.01747769,0.05614035,0.09375,440.0,46,La Rioja
2022,E,332.0,21.0,0.0,0.0,0,32613.0,4391.0,0.01017999,0.06325301,0.0,0.0,46,La Rioja
2022,F,3020.0,218.0,6.0,0.0,0,32613.0,4391.0,0.09260111,0.07218543,0.02752294,950.26,46,La Rioja
2022,G,5783.0,1619.0,25.0,0.0,0,32613.0,4391.0,0.17732193,0.2799585,0.01544163,474.44,46,La Rioja
2022,H,1123.0,187.0,28.0,0.0,0,32613.0,4391.0,0.03443412,0.16651825,0.14973262,0.0,46,La Rioja
2022,I,1053.0,315.0,0.0,0.0,0,32613.0,4391.0,0.03228774,0.2991453,0.0,0.0,46,La Rioja
2022,J,355.0,92.0,22.0,0.0,0,32613.0,4391.0,0.01088523,0.25915493,0.23913043,0.0,46,La Rioja
2022,K,767.0,141.0,0.0,0.0,0,32613.0,4391.0,0.02351823,0.18383312,0.0,0.0,46,La Rioja
2022,M,363.0,114.0,0.0,0.0,0,32613.0,4391.0,0.01113053,0.31404959,0.0,0.0,46,La Rioja
2022,N,1276.0,232.0,6.0,0.0,0,32613.0,4391.0,0.0391255,0.18181818,0.02586207,750.36,46,La Rioja
2022,P,1302.0,71.0,0.0,0.0,0,32613.0,4391.0,0.03992273,0.05453149,0.0,0.0,46,La Rioja
2022,Q,1434.0,216.0,0.0,0.0,0,32613.0,4391.0,0.0439702,0.15062762,0.0,0.0,46,La Rioja
2022,R,147.0,43.0,0.0,0.0,0,32613.0,4391.0,0.00450741,0.29251701,0.0,0.0,46,La Rioja
2022,S,1170.0,273.0,0.0,0.0,0,32613.0,4391.0,0.03587526,0.23333333,0.0,0.0,46,La Rioja
2022,B,154.0,15.0,5.0,0.0,0,32613.0,4391.0,0.00472204,0.0974026,0.33333333,125.58,46,La Rioja
2022,L,54.0,34.0,0.0,0.0,0,32613.0,4391.0,0.00165578,0.62962963,0.0,0.0,46,La Rioja
2022,O,59.0,22.0,0.0,0.0,0,32613.0,4391.0,0.00180909,0.37288136,0.0,0.0,46,La Rioja
2022,A,24089.0,5782.0,517.0,0.0,0,252202.0,39580.0,0.09551471,0.24002657,0.08941543,1324.91,50,Mendoza
2022,B,4274.0,283.0,90.0,0.0,0,252202.0,39580.0,0.01694673,0.06621432,0.3180212,304.85,50,Mendoza
2022,C,46219.0,4930.0,1432.0,0.0,0,252202.0,39580.0,0.18326183,0.10666609,0.29046653,2601.38,50,Mendoza
2022,D,2302.0,97.0,5.0,0.0,0,252202.0,39580.0,0.0091276,0.04213727,0.05154639,474.6,50,Mendoza
2022,E,2012.0,97.0,0.0,0.0,0,252202.0,39580.0,0.00797773,0.04821074,0.0,0.0,50,Mendoza
2022,F,16922.0,1792.0,34.0,0.0,0,252202.0,39580.0,0.06709701,0.10589765,0.01897321,1000.99,50,Mendoza
2022,G,44522.0,9790.0,466.0,0.0,0,252202.0,39580.0,0.1765331,0.21989129,0.04759959,2556.29,50,Mendoza
2022,H,19583.0,3114.0,115.0,0.0,0,252202.0,39580.0,0.07764808,0.15901547,0.03692999,0.0,50,Mendoza
2022,I,12129.0,2296.0,26.0,0.0,0,252202.0,39580.0,0.0480924,0.18929838,0.01132404,0.0,50,Mendoza
2022,J,5201.0,668.0,89.0,0.0,0,252202.0,39580.0,0.02062236,0.12843684,0.13323353,0.0,50,Mendoza
2022,K,4912.0,1070.0,8.0,0.0,0,252202.0,39580.0,0.01947645,0.21783388,0.00747664,0.0,50,Mendoza
2022,L,1441.0,617.0,3.0,0.0,0,252202.0,39580.0,0.00571367,0.42817488,0.00486224,0.0,50,Mendoza
2022,M,5055.0,1527.0,21.0,0.0,0,252202.0,39580.0,0.02004346,0.30207715,0.01375246,0.0,50,Mendoza
2022,N,24235.0,2639.0,36.0,0.0,0,252202.0,39580.0,0.09609361,0.1088921,0.01364153,5795.08,50,Mendoza
2022,O,409.0,90.0,0.0,0.0,0,252202.0,39580.0,0.00162172,0.2200489,0.0,0.0,50,Mendoza
2022,P,18293.0,618.0,0.0,0.0,0,252202.0,39580.0,0.07253313,0.03378341,0.0,0.0,50,Mendoza
2022,Q,10565.0,1693.0,17.0,0.0,0,252202.0,39580.0,0.04189102,0.1602461,0.01004135,0.0,50,Mendoza
2022,R,1812.0,311.0,3.0,0.0,0,252202.0,39580.0,0.00718472,0.17163355,0.0096463,0.0,50,Mendoza
2022,S,8187.0,2149.0,4.0,0.0,0,252202.0,39580.0,0.03246207,0.26248931,0.00186133,0.0,50,Mendoza
2022,T,1.0,1.0,0.0,0.0,0,252202.0,39580.0,3.97e-06,1.0,0.0,0.0,50,Mendoza
2022,U,39.0,16.0,0.0,0.0,0,252202.0,39580.0,0.00015464,0.41025641,0.0,0.0,50,Mendoza
2022,A,10491.0,2199.0,38.0,0.0,0,111105.0,16215.0,0.09442419,0.20960824,0.01728058,558.25,54,Misiones
2022,C,22256.0,1818.0,371.0,0.0,0,111105.0,16215.0,0.20031502,0.08168584,0.20407041,1277.62,54,Misiones
2022,E,749.0,102.0,0.0,0.0,0,111105.0,16215.0,0.00674137,0.13618158,0.0,0.0,54,Misiones
2022,F,9702.0,928.0,23.0,0.0,0,111105.0,16215.0,0.0873228,0.09565038,0.02478448,705.12,54,Misiones
2022,G,21852.0,5079.0,74.0,0.0,0,111105.0,16215.0,0.19667882,0.23242724,0.0145698,1303.18,54,Misiones
2022,H,7323.0,982.0,55.0,0.0,0,111105.0,16215.0,0.06591063,0.13409805,0.05600815,0.0,54,Misiones
2022,I,4878.0,716.0,0.0,0.0,0,111105.0,16215.0,0.04390441,0.14678147,0.0,0.0,54,Misiones
2022,J,1669.0,245.0,24.0,0.0,0,111105.0,16215.0,0.01502183,0.14679449,0.09795918,0.0,54,Misiones
2022,K,1322.0,436.0,0.0,0.0,0,111105.0,16215.0,0.01189865,0.32980333,0.0,0.0,54,Misiones
2022,L,412.0,185.0,1.0,0.0,0,111105.0,16215.0,0.0037082,0.44902913,0.00540541,0.0,54,Misiones
2022,M,1499.0,623.0,0.0,0.0,0,111105.0,16215.0,0.01349174,0.41561041,0.0,0.0,54,Misiones
2022,N,5026.0,625.0,5.0,0.0,0,111105.0,16215.0,0.04523649,0.12435336,0.008,2591.03,54,Misiones
2022,O,522.0,44.0,0.0,0.0,0,111105.0,16215.0,0.00469826,0.08429119,0.0,0.0,54,Misiones
2022,P,9581.0,387.0,0.0,0.0,0,111105.0,16215.0,0.08623374,0.04039244,0.0,0.0,54,Misiones
2022,Q,3258.0,621.0,8.0,0.0,0,111105.0,16215.0,0.02932361,0.19060773,0.01288245,0.0,54,Misiones
2022,R,1942.0,171.0,3.0,0.0,0,111105.0,16215.0,0.01747896,0.08805355,0.01754386,0.0,54,Misiones
2022,S,5011.0,941.0,1.0,0.0,0,111105.0,16215.0,0.04510148,0.18778687,0.0010627,0.0,54,Misiones
2022,D,3363.0,71.0,2.0,0.0,0,111105.0,16215.0,0.03026866,0.0211121,0.02816901,154.73,54,Misiones
2022,B,185.0,39.0,0.0,0.0,0,111105.0,16215.0,0.00166509,0.21081081,0.0,14.21,54,Misiones
2022,U,64.0,3.0,0.0,0.0,0,111105.0,16215.0,0.00057603,0.046875,0.0,0.0,54,Misiones
2022,A,5202.0,521.0,64.0,0.0,0,126837.0,16781.0,0.04101327,0.10015379,0.12284069,387.57,58,Neuquen
2022,C,9091.0,1136.0,194.0,0.0,0,126837.0,16781.0,0.07167467,0.12495875,0.17077465,773.86,58,Neuquen
2022,F,16142.0,1235.0,19.0,0.0,0,126837.0,16781.0,0.1272657,0.07650849,0.01538462,1294.84,58,Neuquen
2022,G,21846.0,5256.0,168.0,0.0,0,126837.0,16781.0,0.17223681,0.24059324,0.03196347,1450.01,58,Neuquen
2022,H,8354.0,892.0,57.0,0.0,0,126837.0,16781.0,0.06586406,0.1067752,0.06390135,0.0,58,Neuquen
2022,I,6974.0,1497.0,12.0,0.0,0,126837.0,16781.0,0.05498396,0.21465443,0.00801603,0.0,58,Neuquen
2022,J,1417.0,308.0,31.0,0.0,0,126837.0,16781.0,0.01117182,0.21736062,0.10064935,0.0,58,Neuquen
2022,K,2641.0,436.0,0.0,0.0,0,126837.0,16781.0,0.020822,0.16508898,0.0,0.0,58,Neuquen
2022,L,850.0,383.0,2.0,0.0,0,126837.0,16781.0,0.00670151,0.45058824,0.00522193,0.0,58,Neuquen
2022,M,3458.0,939.0,6.0,0.0,0,126837.0,16781.0,0.02726334,0.27154425,0.00638978,0.0,58,Neuquen
2022,N,9543.0,1234.0,11.0,0.0,0,126837.0,16781.0,0.0752383,0.12930944,0.0089141,3077.42,58,Neuquen
2022,P,4298.0,268.0,0.0,0.0,0,126837.0,16781.0,0.03388601,0.06235458,0.0,0.0,58,Neuquen
2022,Q,5817.0,726.0,10.0,0.0,0,126837.0,16781.0,0.04586201,0.1248066,0.0137741,0.0,58,Neuquen
2022,R,1408.0,234.0,4.0,0.0,0,126837.0,16781.0,0.01110086,0.16619318,0.01709402,0.0,58,Neuquen
2022,S,4075.0,964.0,5.0,0.0,0,126837.0,16781.0,0.03212785,0.23656442,0.00518672,0.0,58,Neuquen
2022,B,22745.0,587.0,172.0,0.0,0,126837.0,16781.0,0.17932465,0.02580787,0.29301533,3566.58,58,Neuquen
2022,D,1642.0,58.0,14.0,0.0,0,126837.0,16781.0,0.01294575,0.03532278,0.24137931,64.5,58,Neuquen
2022,E,933.0,59.0,0.0,0.0,0,126837.0,16781.0,0.0073559,0.06323687,0.0,0.0,58,Neuquen
2022,O,389.0,44.0,0.0,0.0,0,126837.0,16781.0,0.00306693,0.11311054,0.0,0.0,58,Neuquen
2022,U,12.0,4.0,0.0,0.0,0,126837.0,16781.0,9.461e-05,0.33333333,0.0,0.0,58,Neuquen
2022,A,18824.0,1837.0,130.0,0.0,0,115372.0,17976.0,0.16315917,0.09758819,0.07076756,1837.6,62,Rio Negro
2022,B,3311.0,265.0,85.0,0.0,0,115372.0,17976.0,0.02869847,0.08003624,0.32075472,955.25,62,Rio Negro
2022,C,14876.0,1302.0,228.0,0.0,0,115372.0,17976.0,0.12893943,0.08752353,0.17511521,1631.09,62,Rio Negro
2022,D,1060.0,84.0,8.0,0.0,0,115372.0,17976.0,0.00918767,0.07924528,0.0952381,445.8,62,Rio Negro
2022,E,1074.0,54.0,3.0,0.0,0,115372.0,17976.0,0.00930902,0.05027933,0.05555556,0.0,62,Rio Negro
2022,F,7515.0,925.0,9.0,0.0,0,115372.0,17976.0,0.06513712,0.12308716,0.00972973,905.57,62,Rio Negro
2022,G,25124.0,5532.0,242.0,0.0,0,115372.0,17976.0,0.21776514,0.22018787,0.04374548,2236.51,62,Rio Negro
2022,H,6168.0,928.0,73.0,0.0,0,115372.0,17976.0,0.05346185,0.15045396,0.07866379,0.0,62,Rio Negro
2022,I,8740.0,1679.0,2.0,0.0,0,115372.0,17976.0,0.07575495,0.19210526,0.00119119,0.0,62,Rio Negro
2022,J,1220.0,263.0,39.0,0.0,0,115372.0,17976.0,0.01057449,0.21557377,0.14828897,0.0,62,Rio Negro
2022,K,2105.0,594.0,0.0,0.0,0,115372.0,17976.0,0.01824533,0.28218527,0.0,0.0,62,Rio Negro
2022,L,669.0,327.0,2.0,0.0,0,115372.0,17976.0,0.00579863,0.48878924,0.00611621,0.0,62,Rio Negro
2022,M,1920.0,773.0,3.0,0.0,0,115372.0,17976.0,0.01664182,0.40260417,0.00388098,0.0,62,Rio Negro
2022,N,4922.0,968.0,19.0,0.0,0,115372.0,17976.0,0.042662,0.19666802,0.0196281,3442.79,62,Rio Negro
2022,O,387.0,41.0,0.0,0.0,0,115372.0,17976.0,0.00335437,0.10594315,0.0,0.0,62,Rio Negro
2022,P,5152.0,305.0,0.0,0.0,0,115372.0,17976.0,0.04465555,0.05920031,0.0,0.0,62,Rio Negro
2022,Q,5360.0,682.0,6.0,0.0,0,115372.0,17976.0,0.04645841,0.12723881,0.00879765,0.0,62,Rio Negro
2022,R,2309.0,292.0,0.0,0.0,0,115372.0,17976.0,0.02001352,0.12646167,0.0,0.0,62,Rio Negro
2022,S,4627.0,1120.0,1.0,0.0,0,115372.0,17976.0,0.04010505,0.24205749,0.00089286,0.0,62,Rio Negro
2022,U,7.0,3.0,0.0,0.0,0,115372.0,17976.0,6.067e-05,0.42857143,0.0,0.0,62,Rio Negro
2022,T,2.0,2.0,0.0,0.0,0,115372.0,17976.0,1.734e-05,1.0,0.0,0.0,62,Rio Negro
2022,A,18541.0,2962.0,82.0,0.0,0,119944.0,17261.0,0.15458047,0.15975406,0.027684,920.88,66,Salta
2022,B,3898.0,299.0,85.0,0.0,0,119944.0,17261.0,0.0324985,0.076706,0.28428094,472.83,66,Salta
2022,C,14592.0,1121.0,264.0,186679.15,1836,119944.0,17261.0,0.12165677,0.07682292,0.23550401,1282.64,66,Salta
2022,D,1000.0,81.0,8.0,0.0,0,119944.0,17261.0,0.00833722,0.081,0.09876543,195.66,66,Salta
2022,E,1669.0,108.0,6.0,0.0,0,119944.0,17261.0,0.01391483,0.06470941,0.05555556,0.0,66,Salta
2022,F,12892.0,985.0,23.0,140462.55,660,119944.0,17261.0,0.10748349,0.07640397,0.02335025,809.29,66,Salta
2022,G,21130.0,4869.0,157.0,0.0,0,119944.0,17261.0,0.17616554,0.23043067,0.03224481,1297.64,66,Salta
2022,H,7317.0,780.0,39.0,0.0,0,119944.0,17261.0,0.06100347,0.10660107,0.05,0.0,66,Salta
2022,I,5158.0,1196.0,2.0,0.0,0,119944.0,17261.0,0.0430034,0.23187282,0.00167224,0.0,66,Salta
2022,J,1649.0,301.0,61.0,0.0,0,119944.0,17261.0,0.01374808,0.18253487,0.20265781,0.0,66,Salta
2022,K,1959.0,412.0,0.0,0.0,0,119944.0,17261.0,0.01633262,0.21031138,0.0,0.0,66,Salta
2022,L,515.0,223.0,0.0,0.0,0,119944.0,17261.0,0.00429367,0.43300971,0.0,0.0,66,Salta
2022,M,2101.0,685.0,13.0,0.0,0,119944.0,17261.0,0.01751651,0.32603522,0.0189781,0.0,66,Salta
2022,N,7403.0,802.0,11.0,0.0,0,119944.0,17261.0,0.06172047,0.10833446,0.01371571,2634.01,66,Salta
2022,P,9497.0,340.0,0.0,0.0,0,119944.0,17261.0,0.07917862,0.03580078,0.0,0.0,66,Salta
2022,Q,5111.0,831.0,8.0,0.0,0,119944.0,17261.0,0.04261155,0.16259049,0.00962696,0.0,66,Salta
2022,R,972.0,152.0,5.0,0.0,0,119944.0,17261.0,0.00810378,0.1563786,0.03289474,0.0,66,Salta
2022,S,4391.0,1092.0,5.0,0.0,0,119944.0,17261.0,0.03660875,0.2486905,0.00457875,0.0,66,Salta
2022,O,144.0,19.0,0.0,0.0,0,119944.0,17261.0,0.00120056,0.13194444,0.0,0.0,66,Salta
2022,U,5.0,3.0,0.0,0.0,0,119944.0,17261.0,4.169e-05,0.6,0.0,0.0,66,Salta
2022,A,5436.0,1463.0,110.0,0.0,0,86824.0,11929.0,0.06260942,0.26913171,0.07518797,295.46,70,San Juan
2022,B,4537.0,183.0,27.0,0.0,0,86824.0,11929.0,0.05225514,0.04033502,0.14754098,423.97,70,San Juan
2022,C,13951.0,1284.0,331.0,0.0,0,86824.0,11929.0,0.16068138,0.09203641,0.25778816,900.44,70,San Juan
2022,D,520.0,39.0,6.0,0.0,0,86824.0,11929.0,0.00598913,0.075,0.15384615,101.94,70,San Juan
2022,E,522.0,36.0,0.0,0.0,0,86824.0,11929.0,0.00601216,0.06896552,0.0,0.0,70,San Juan
2022,F,14561.0,859.0,20.0,0.0,0,86824.0,11929.0,0.16770709,0.0589932,0.02328289,897.27,70,San Juan
2022,G,13333.0,3378.0,85.0,0.0,0,86824.0,11929.0,0.15356353,0.25335633,0.02516282,824.07,70,San Juan
2022,H,4849.0,569.0,34.0,0.0,0,86824.0,11929.0,0.05584861,0.11734378,0.05975395,0.0,70,San Juan
2022,I,2880.0,671.0,2.0,0.0,0,86824.0,11929.0,0.03317055,0.23298611,0.00298063,0.0,70,San Juan
2022,K,1493.0,326.0,0.0,0.0,0,86824.0,11929.0,0.01719571,0.21835231,0.0,0.0,70,San Juan
2022,L,224.0,111.0,0.0,0.0,0,86824.0,11929.0,0.00257993,0.49553571,0.0,0.0,70,San Juan
2022,M,1253.0,483.0,9.0,0.0,0,86824.0,11929.0,0.01443149,0.38547486,0.01863354,0.0,70,San Juan
2022,N,5081.0,610.0,9.0,0.0,0,86824.0,11929.0,0.05852069,0.12005511,0.0147541,2012.49,70,San Juan
2022,Q,4644.0,675.0,0.0,0.0,0,86824.0,11929.0,0.05348751,0.14534884,0.0,0.0,70,San Juan
2022,R,985.0,114.0,4.0,0.0,0,86824.0,11929.0,0.01134479,0.11573604,0.03508772,0.0,70,San Juan
2022,S,4543.0,641.0,0.0,0.0,0,86824.0,11929.0,0.05232424,0.14109619,0.0,0.0,70,San Juan
2022,P,6707.0,228.0,0.0,0.0,0,86824.0,11929.0,0.07724823,0.03399433,0.0,0.0,70,San Juan
2022,J,1212.0,231.0,25.0,0.0,0,86824.0,11929.0,0.01395927,0.19059406,0.10822511,0.0,70,San Juan
2022,O,93.0,28.0,0.0,0.0,0,86824.0,11929.0,0.00107113,0.30107527,0.0,0.0,70,San Juan
2022,A,2751.0,797.0,35.0,0.0,0,57169.0,8612.0,0.04812048,0.28971283,0.04391468,309.6,74,San Luis
2022,C,17821.0,907.0,262.0,0.0,0,57169.0,8612.0,0.31172489,0.05089501,0.28886439,2007.58,74,San Luis
2022,D,507.0,24.0,1.0,0.0,0,57169.0,8612.0,0.00886844,0.04733728,0.04166667,144.6,74,San Luis
2022,E,265.0,43.0,0.0,0.0,0,57169.0,8612.0,0.00463538,0.16226415,0.0,0.0,74,San Luis
2022,F,4068.0,447.0,9.0,0.0,0,57169.0,8612.0,0.07115745,0.10988201,0.02013423,509.29,74,San Luis
2022,G,9954.0,2645.0,57.0,0.0,0,57169.0,8612.0,0.17411534,0.26572232,0.02155009,1423.17,74,San Luis
2022,H,2154.0,420.0,25.0,0.0,0,57169.0,8612.0,0.03767776,0.19498607,0.05952381,0.0,74,San Luis
2022,I,1811.0,626.0,2.0,0.0,0,57169.0,8612.0,0.03167801,0.34566538,0.00319489,0.0,74,San Luis
2022,J,1320.0,172.0,20.0,0.0,0,57169.0,8612.0,0.02308944,0.13030303,0.11627907,0.0,74,San Luis
2022,K,1055.0,302.0,0.0,0.0,0,57169.0,8612.0,0.01845406,0.28625592,0.0,0.0,74,San Luis
2022,M,635.0,309.0,1.0,0.0,0,57169.0,8612.0,0.01110742,0.48661417,0.00323625,0.0,74,San Luis
2022,N,4311.0,561.0,6.0,0.0,0,57169.0,8612.0,0.075408,0.13013222,0.01069519,2225.21,74,San Luis
2022,O,460.0,29.0,0.0,0.0,0,57169.0,8612.0,0.00804632,0.06304348,0.0,0.0,74,San Luis
2022,P,4737.0,164.0,0.0,0.0,0,57169.0,8612.0,0.08285959,0.03462107,0.0,0.0,74,San Luis
2022,Q,2350.0,427.0,8.0,0.0,0,57169.0,8612.0,0.04110619,0.18170213,0.01873536,0.0,74,San Luis
2022,R,1019.0,129.0,53.0,0.0,0,57169.0,8612.0,0.01782435,0.1265947,0.41085271,0.0,74,San Luis
2022,S,1407.0,402.0,0.0,0.0,0,57169.0,8612.0,0.02461124,0.28571429,0.0,0.0,74,San Luis
2022,B,271.0,36.0,6.0,0.0,0,57169.0,8612.0,0.00474033,0.13284133,0.16666667,44.4,74,San Luis
2022,L,273.0,172.0,0.0,0.0,0,57169.0,8612.0,0.00477532,0.63003663,0.0,0.0,74,San Luis
2022,A,3992.0,388.0,30.0,0.0,0,60009.0,6999.0,0.06652335,0.09719439,0.07731959,542.69,78,Santa Cruz
2022,B,16201.0,286.0,82.0,0.0,0,60009.0,6999.0,0.26997617,0.01765323,0.28671329,3053.33,78,Santa Cruz
2022,C,3186.0,485.0,93.0,0.0,0,60009.0,6999.0,0.05309204,0.1522285,0.19175258,388.97,78,Santa Cruz
2022,D,335.0,18.0,4.0,0.0,0,60009.0,6999.0,0.0055825,0.05373134,0.22222222,282.42,78,Santa Cruz
2022,E,83.0,14.0,0.0,0.0,0,60009.0,6999.0,0.00138313,0.1686747,0.0,0.0,78,Santa Cruz
2022,F,6899.0,373.0,8.0,0.0,0,60009.0,6999.0,0.11496609,0.05406581,0.02144772,883.31,78,Santa Cruz
2022,G,8550.0,2180.0,99.0,0.0,0,60009.0,6999.0,0.14247863,0.25497076,0.04541284,1196.63,78,Santa Cruz
2022,H,4438.0,537.0,41.0,0.0,0,60009.0,6999.0,0.07395557,0.12100045,0.07635009,0.0,78,Santa Cruz
2022,I,4365.0,747.0,0.0,0.0,0,60009.0,6999.0,0.07273909,0.17113402,0.0,0.0,78,Santa Cruz
2022,J,780.0,127.0,15.0,0.0,0,60009.0,6999.0,0.01299805,0.16282051,0.11811024,0.0,78,Santa Cruz
2022,K,967.0,271.0,0.0,0.0,0,60009.0,6999.0,0.01611425,0.28024819,0.0,0.0,78,Santa Cruz
2022,M,1076.0,332.0,9.0,0.0,0,60009.0,6999.0,0.01793064,0.30855019,0.02710843,0.0,78,Santa Cruz
2022,N,3430.0,460.0,10.0,0.0,0,60009.0,6999.0,0.05715809,0.13411079,0.02173913,2837.11,78,Santa Cruz
2022,O,79.0,22.0,0.0,0.0,0,60009.0,6999.0,0.00131647,0.27848101,0.0,0.0,78,Santa Cruz
2022,P,2186.0,70.0,0.0,0.0,0,60009.0,6999.0,0.03642787,0.03202196,0.0,0.0,78,Santa Cruz
2022,Q,1402.0,250.0,0.0,0.0,0,60009.0,6999.0,0.02336316,0.17831669,0.0,0.0,78,Santa Cruz
2022,R,419.0,72.0,0.0,0.0,0,60009.0,6999.0,0.00698229,0.17183771,0.0,0.0,78,Santa Cruz
2022,S,1496.0,283.0,0.0,0.0,0,60009.0,6999.0,0.02492959,0.18917112,0.0,0.0,78,Santa Cruz
2022,L,121.0,82.0,0.0,0.0,0,60009.0,6999.0,0.00201636,0.67768595,0.0,0.0,78,Santa Cruz
2022,U,4.0,2.0,0.0,0.0,0,60009.0,6999.0,6.666e-05,0.5,0.0,0.0,78,Santa Cruz
2022,A,25826.0,9360.0,123.0,0.0,0,543358.0,84118.0,0.04753036,0.36242546,0.01314103,1307.96,82,Santa Fe
2022,C,137263.0,10526.0,1959.0,0.0,0,543358.0,84118.0,0.25261982,0.0766849,0.18611058,6878.0,82,Santa Fe
2022,D,3063.0,195.0,9.0,297254.91,390,543358.0,84118.0,0.00563717,0.06366308,0.04615385,366.89,82,Santa Fe
2022,E,4761.0,298.0,4.0,0.0,0,543358.0,84118.0,0.00876218,0.06259189,0.01342282,0.0,82,Santa Fe
2022,F,38556.0,3513.0,53.0,0.0,0,543358.0,84118.0,0.07095874,0.09111422,0.01508682,2097.27,82,Santa Fe
2022,G,103695.0,25051.0,773.0,0.0,0,543358.0,84118.0,0.19084103,0.24158349,0.03085705,5455.88,82,Santa Fe
2022,H,34494.0,7510.0,279.0,0.0,0,543358.0,84118.0,0.06348301,0.21771902,0.03715047,0.0,82,Santa Fe
2022,I,14891.0,3445.0,21.0,0.0,0,543358.0,84118.0,0.0274055,0.23134779,0.00609579,0.0,82,Santa Fe
2022,J,16692.0,1649.0,178.0,0.0,0,543358.0,84118.0,0.03072008,0.09878984,0.10794421,0.0,82,Santa Fe
2022,K,16637.0,2249.0,5.0,0.0,0,543358.0,84118.0,0.03061886,0.13518062,0.00222321,0.0,82,Santa Fe
2022,L,3367.0,1671.0,6.0,0.0,0,543358.0,84118.0,0.00619665,0.4962875,0.00359066,0.0,82,Santa Fe
2022,M,9784.0,3224.0,25.0,0.0,0,543358.0,84118.0,0.01800654,0.32951758,0.00775434,0.0,82,Santa Fe
2022,N,34685.0,3748.0,27.0,0.0,0,543358.0,84118.0,0.06383453,0.10805824,0.00720384,11783.36,82,Santa Fe
2022,O,855.0,179.0,0.0,0.0,0,543358.0,84118.0,0.00157355,0.20935673,0.0,0.0,82,Santa Fe
2022,P,42008.0,1886.0,0.0,0.0,0,543358.0,84118.0,0.07731183,0.04489621,0.0,0.0,82,Santa Fe
2022,Q,23972.0,3201.0,20.0,0.0,0,543358.0,84118.0,0.04411824,0.13353079,0.00624805,0.0,82,Santa Fe
2022,R,6655.0,1071.0,19.0,0.0,0,543358.0,84118.0,0.01224791,0.16093163,0.01774043,0.0,82,Santa Fe
2022,S,24712.0,5237.0,7.0,0.0,0,543358.0,84118.0,0.04548014,0.21192133,0.00133664,0.0,82,Santa Fe
2022,B,1413.0,92.0,32.0,0.0,0,543358.0,84118.0,0.0026005,0.0651097,0.34782609,250.22,82,Santa Fe
2022,T,2.0,2.0,0.0,0.0,0,543358.0,84118.0,3.68e-06,1.0,0.0,0.0,82,Santa Fe
2022,U,27.0,11.0,0.0,0.0,0,543358.0,84118.0,4.969e-05,0.40740741,0.0,0.0,82,Santa Fe
2022,A,3458.0,986.0,34.0,0.0,0,55944.0,9479.0,0.06181181,0.28513592,0.03448276,191.31,86,Santiago Del Estero
2022,B,317.0,33.0,5.0,0.0,0,55944.0,9479.0,0.00566638,0.10410095,0.15151515,56.0,86,Santiago Del Estero
2022,C,5310.0,596.0,96.0,0.0,0,55944.0,9479.0,0.09491634,0.11224105,0.16107383,363.35,86,Santiago Del Estero
2022,F,9785.0,686.0,5.0,0.0,0,55944.0,9479.0,0.17490705,0.07010731,0.00728863,768.84,86,Santiago Del Estero
2022,G,13721.0,3699.0,64.0,0.0,0,55944.0,9479.0,0.24526312,0.26958676,0.01730197,574.4,86,Santiago Del Estero
2022,H,2717.0,437.0,26.0,0.0,0,55944.0,9479.0,0.04856642,0.16083916,0.05949657,0.0,86,Santiago Del Estero
2022,I,2214.0,538.0,0.0,0.0,0,55944.0,9479.0,0.03957529,0.2429991,0.0,0.0,86,Santiago Del Estero
2022,K,1410.0,293.0,0.0,0.0,0,55944.0,9479.0,0.02520378,0.20780142,0.0,0.0,86,Santiago Del Estero
2022,L,183.0,98.0,0.0,0.0,0,55944.0,9479.0,0.00327113,0.53551913,0.0,0.0,86,Santiago Del Estero
2022,P,6316.0,198.0,0.0,0.0,0,55944.0,9479.0,0.11289861,0.03134896,0.0,0.0,86,Santiago Del Estero
2022,S,2769.0,496.0,0.0,0.0,0,55944.0,9479.0,0.04949592,0.17912604,0.0,0.0,86,Santiago Del Estero
2022,J,923.0,112.0,20.0,0.0,0,55944.0,9479.0,0.01649864,0.12134345,0.17857143,0.0,86,Santiago Del Estero
2022,M,818.0,270.0,5.0,0.0,0,55944.0,9479.0,0.01462176,0.33007335,0.01851852,0.0,86,Santiago Del Estero
2022,N,2179.0,381.0,2.0,0.0,0,55944.0,9479.0,0.03894966,0.17485085,0.00524934,928.21,86,Santiago Del Estero
2022,Q,2245.0,486.0,2.0,0.0,0,55944.0,9479.0,0.04012942,0.21648107,0.00411523,0.0,86,Santiago Del Estero
2022,R,442.0,70.0,4.0,0.0,0,55944.0,9479.0,0.00790076,0.15837104,0.05714286,0.0,86,Santiago Del Estero
2022,D,525.0,28.0,3.0,0.0,0,55944.0,9479.0,0.00938438,0.05333333,0.10714286,198.33,86,Santiago Del Estero
2022,E,376.0,38.0,0.0,0.0,0,55944.0,9479.0,0.00672101,0.10106383,0.0,0.0,86,Santiago Del Estero
2022,O,236.0,34.0,0.0,0.0,0,55944.0,9479.0,0.0042185,0.1440678,0.0,0.0,86,Santiago Del Estero
2022,A,37835.0,2001.0,131.0,0.0,0,178863.0,19802.0,0.21153061,0.05288754,0.06546727,2029.05,90,Tucuman
2022,B,255.0,27.0,9.0,0.0,0,178863.0,19802.0,0.00142567,0.10588235,0.33333333,52.67,90,Tucuman
2022,C,25605.0,1498.0,318.0,0.0,0,178863.0,19802.0,0.14315426,0.0585042,0.21228304,1910.74,90,Tucuman
2022,F,9894.0,1073.0,2.0,0.0,0,178863.0,19802.0,0.05531608,0.10844957,0.00186393,923.3,90,Tucuman
2022,G,30648.0,6376.0,167.0,0.0,0,178863.0,19802.0,0.17134902,0.20803968,0.02619197,1739.25,90,Tucuman
2022,H,11373.0,1356.0,38.0,0.0,0,178863.0,19802.0,0.06358498,0.11922975,0.0280236,0.0,90,Tucuman
2022,I,4765.0,1206.0,6.0,0.0,0,178863.0,19802.0,0.0266405,0.25309549,0.00497512,0.0,90,Tucuman
2022,K,3492.0,512.0,0.0,0.0,0,178863.0,19802.0,0.01952332,0.14662085,0.0,0.0,90,Tucuman
2022,L,872.0,326.0,3.0,0.0,0,178863.0,19802.0,0.00487524,0.37385321,0.00920245,0.0,90,Tucuman
2022,M,2315.0,729.0,3.0,0.0,0,178863.0,19802.0,0.01294287,0.31490281,0.00411523,0.0,90,Tucuman
2022,N,18376.0,969.0,19.0,0.0,0,178863.0,19802.0,0.10273785,0.05273182,0.01960784,4137.25,90,Tucuman
2022,P,13658.0,591.0,0.0,0.0,0,178863.0,19802.0,0.07636012,0.04327134,0.0,0.0,90,Tucuman
2022,Q,8075.0,1023.0,8.0,0.0,0,178863.0,19802.0,0.04514629,0.12668731,0.00782014,0.0,90,Tucuman
2022,S,5188.0,1432.0,2.0,0.0,0,178863.0,19802.0,0.02900544,0.27602159,0.00139665,0.0,90,Tucuman
2022,D,1072.0,62.0,4.0,0.0,0,178863.0,19802.0,0.00599341,0.05783582,0.06451613,409.14,90,Tucuman
2022,E,1429.0,23.0,0.0,0.0,0,178863.0,19802.0,0.00798935,0.01609517,0.0,0.0,90,Tucuman
2022,J,2590.0,306.0,49.0,0.0,0,178863.0,19802.0,0.01448036,0.11814672,0.16013072,0.0,90,Tucuman
2022,O,148.0,39.0,0.0,0.0,0,178863.0,19802.0,0.00082745,0.26351351,0.0,0.0,90,Tucuman
2022,R,1273.0,253.0,6.0,0.0,0,178863.0,19802.0,0.00711718,0.19874313,0.02371542,0.0,90,Tucuman
2022,A,1021.0,108.0,12.0,0.0,0,38003.0,4550.0,0.0268663,0.10577865,0.11111111,481.12,94,Tierra Del Fuego
2022,B,765.0,43.0,17.0,0.0,0,38003.0,4550.0,0.02012999,0.05620915,0.39534884,692.75,94,Tierra Del Fuego
2022,C,12512.0,350.0,49.0,0.0,0,38003.0,4550.0,0.32923717,0.02797315,0.14,6380.42,94,Tierra Del Fuego
2022,D,203.0,9.0,0.0,0.0,0,38003.0,4550.0,0.00534168,0.04433498,0.0,nan,94,Tierra Del Fuego
2022,E,667.0,37.0,1.0,0.0,0,38003.0,4550.0,0.01755125,0.05547226,0.02702703,0.0,94,Tierra Del Fuego
2022,F,2362.0,335.0,0.0,0.0,0,38003.0,4550.0,0.06215299,0.14182896,0.0,929.29,94,Tierra Del Fuego
2022,G,6002.0,1348.0,46.0,0.0,0,38003.0,4550.0,0.1579349,0.2245918,0.03412463,2979.0,94,Tierra Del Fuego
2022,H,3299.0,472.0,20.0,0.0,0,38003.0,4550.0,0.08680894,0.14307366,0.04237288,0.0,94,Tierra Del Fuego
2022,I,3066.0,469.0,0.0,0.0,0,38003.0,4550.0,0.08067784,0.15296804,0.0,0.0,94,Tierra Del Fuego
2022,J,438.0,103.0,15.0,0.0,0,38003.0,4550.0,0.01152541,0.23515982,0.14563107,0.0,94,Tierra Del Fuego
2022,K,540.0,144.0,0.0,0.0,0,38003.0,4550.0,0.0142094,0.26666667,0.0,0.0,94,Tierra Del Fuego
2022,L,126.0,62.0,0.0,0.0,0,38003.0,4550.0,0.00331553,0.49206349,0.0,0.0,94,Tierra Del Fuego
2022,M,806.0,208.0,1.0,0.0,0,38003.0,4550.0,0.02120885,0.25806452,0.00480769,0.0,94,Tierra Del Fuego
2022,N,1946.0,328.0,6.0,0.0,0,38003.0,4550.0,0.05120648,0.16855087,0.01829268,7276.92,94,Tierra Del Fuego
2022,O,67.0,13.0,0.0,0.0,0,38003.0,4550.0,0.00176302,0.19402985,0.0,0.0,94,Tierra Del Fuego
2022,P,2121.0,89.0,0.0,0.0,0,38003.0,4550.0,0.05581138,0.04196134,0.0,0.0,94,Tierra Del Fuego
2022,Q,1034.0,140.0,1.0,0.0,0,38003.0,4550.0,0.02720838,0.13539652,0.00714286,0.0,94,Tierra Del Fuego
2022,R,445.0,53.0,0.0,0.0,0,38003.0,4550.0,0.0117096,0.11910112,0.0,0.0,94,Tierra Del Fuego
2022,S,577.0,236.0,1.0,0.0,0,38003.0,4550.0,0.01518301,0.40901213,0.00423729,0.0,94,Tierra Del Fuego
2022,U,6.0,3.0,0.0,0.0,0,38003.0,4550.0,0.00015788,0.5,0.0,0.0,94,Tierra Del Fuego
