empleo_total,establecimientos_total,exportadoras_total,hhi,diversidad_sectorial,max_share_sector,intensidad_export_prom,densidad_estab_prom,salario_promedio_ponderado,top_activity,provincia_id,provincia,in_departamentos,departamento,cluster,cluster_method,k_optimo,silhouette
543181.0,54124.0,2941.0,0.09039128,21,0.15735639,0.0699677,0.1638807,205985.97,K,2,CABA,2007,Comuna 1,3,kmeans,3,0.369519
88651.0,15519.0,574.0,0.09309975,21,0.15982899,0.04919732,0.23324772,177336.94,Q,2,CABA,2014,Comuna 2,3,kmeans,3,0.369519
96510.0,14413.0,430.0,0.10607195,20,0.20662108,0.07573399,0.19527987,183537.98,G,2,CABA,2021,Comuna 3,3,kmeans,3,0.369519
152463.0,10343.0,709.0,0.12271537,20,0.1912464,0.03947478,0.17004623,201467.29,H,2,CABA,2028,Comuna 4,3,kmeans,3,0.369519
66707.0,9027.0,321.0,0.1057061,20,0.17870688,0.07092339,0.23488813,188452.59,Q,2,CABA,2035,Comuna 5,3,kmeans,3,0.369519
41665.0,9505.0,290.0,0.09352895,20,0.1699748,0.04606372,0.29152322,192871.74,G,2,CABA,2042,Comuna 6,3,kmeans,3,0.369519
46164.0,9259.0,282.0,0.10328421,20,0.17931722,0.09542872,0.2546716,196932.92,G,2,CABA,2049,Comuna 7,3,kmeans,3,0.369519
29582.0,3096.0,228.0,0.15285211,19,0.27215875,0.08325343,0.20261677,202610.81,C,2,CABA,2056,Comuna 8,1,kmeans,3,0.369519
48389.0,6811.0,401.0,0.17820558,18,0.3374114,0.08141406,0.23381278,217716.45,C,2,CABA,2063,Comuna 9,3,kmeans,3,0.369519
40393.0,7590.0,240.0,0.14355638,19,0.22095413,0.06407542,0.24311004,195091.09,G,2,CABA,2070,Comuna 10,1,kmeans,3,0.369519
48607.0,8657.0,375.0,0.12094498,20,0.21184192,0.07231288,0.2897298,201047.38,G,2,CABA,2077,Comuna 11,3,kmeans,3,0.369519
63727.0,9735.0,515.0,0.10698721,21,0.17477678,0.06207331,0.31262068,186481.13,G,2,CABA,2084,Comuna 12,3,kmeans,3,0.369519
111298.0,19275.0,725.0,0.08463213,21,0.14697479,0.04857761,0.25520813,189372.86,G,2,CABA,2091,Comuna 13,3,kmeans,3,0.369519
136207.0,21489.0,935.0,0.08074228,21,0.1255956,0.04895783,0.20641098,192321.0,G,2,CABA,2098,Comuna 14,3,kmeans,3,0.369519
82853.0,13234.0,694.0,0.12913788,21,0.25308679,0.06649775,0.23441022,206187.16,G,2,CABA,2105,Comuna 15,3,kmeans,3,0.369519
1761.0,550.0,10.0,0.18325212,16,0.28904032,0.03546345,0.43027442,198120.13,G,6,Buenos Aires,6007,Adolfo Alsina,1,kmeans,3,0.369519
1043.0,372.0,5.0,0.18559837,17,0.32118888,0.02226891,0.47513577,182923.4,A,6,Buenos Aires,6014,Adolfo Gonzales Chaves,1,kmeans,3,0.369519
1531.0,301.0,21.0,0.20836226,18,0.32854344,0.02975344,0.47413239,167987.48,G,6,Buenos Aires,6021,Alberti,1,kmeans,3,0.369519
42327.0,5403.0,262.0,0.14934741,18,0.27415125,0.06768888,0.18687363,223540.31,C,6,Buenos Aires,6028,Almirante Brown,1,kmeans,3,0.369519
59956.0,7741.0,533.0,0.1688212,19,0.32797385,0.10250906,0.17463353,237842.42,C,6,Buenos Aires,6035,Avellaneda,3,kmeans,3,0.369519
1924.0,696.0,8.0,0.22768206,18,0.37422037,0.05462963,0.42595989,180561.83,A,6,Buenos Aires,6042,Ayacucho,1,kmeans,3,0.369519
9371.0,1970.0,39.0,0.12369862,19,0.20232633,0.04300845,0.25577688,223626.05,C,6,Buenos Aires,6049,Azul,1,kmeans,3,0.369519
64116.0,10033.0,295.0,0.11849456,20,0.24220163,0.04620201,0.18939594,197049.83,G,6,Buenos Aires,6056,Bahía Blanca,3,kmeans,3,0.369519
6902.0,1395.0,70.0,0.21287124,19,0.35540423,0.03927652,0.30156024,183892.9,A,6,Buenos Aires,6063,Balcarce,1,kmeans,3,0.369519
4929.0,907.0,29.0,0.15875639,19,0.32562386,0.04008969,0.2954189,227212.67,C,6,Buenos Aires,6070,Baradero,1,kmeans,3,0.369519
3598.0,761.0,32.0,0.18703862,18,0.26347971,0.04550956,0.34573567,194538.86,C,6,Buenos Aires,6077,Arrecifes,1,kmeans,3,0.369519
2191.0,628.0,16.0,0.16377755,18,0.28388864,0.03929067,0.36032066,178578.59,A,6,Buenos Aires,6084,Benito Juárez,1,kmeans,3,0.369519
28710.0,3509.0,198.0,0.15200784,19,0.28585859,0.12611108,0.16939712,225240.12,C,6,Buenos Aires,6091,Berazategui,1,kmeans,3,0.369519
8338.0,918.0,19.0,0.13654111,19,0.23662749,0.05755736,0.24444324,169028.55,F,6,Buenos Aires,6098,Berisso,1,kmeans,3,0.369519
3463.0,1120.0,29.0,0.18032192,17,0.29858504,0.05005537,0.38260965,180994.12,G,6,Buenos Aires,6105,Bolívar,1,kmeans,3,0.369519
5309.0,1075.0,29.0,0.19140908,18,0.36146167,0.0201637,0.32246661,226962.54,C,6,Buenos Aires,6112,Bragado,1,kmeans,3,0.369519
4690.0,672.0,21.0,0.18675956,18,0.35948827,0.01721946,0.2775702,232953.96,C,6,Buenos Aires,6119,Brandsen,1,kmeans,3,0.369519
23261.0,2225.0,115.0,0.14487352,19,0.2973217,0.06685676,0.16706603,225890.2,C,6,Buenos Aires,6126,Campana,1,kmeans,3,0.369519
10047.0,1334.0,60.0,0.23016288,19,0.4271922,0.05133774,0.25395117,239226.15,C,6,Buenos Aires,6134,Cañuelas,1,kmeans,3,0.369519
2726.0,416.0,19.0,0.29138876,17,0.49156273,0.02132138,0.36309154,244373.78,C,6,Buenos Aires,6140,Capitán Sarmiento,1,kmeans,3,0.369519
2751.0,694.0,24.0,0.24586928,19,0.40966921,0.04027889,0.44330057,169844.08,G,6,Buenos Aires,6147,Carlos Casares,1,kmeans,3,0.369519
731.0,284.0,2.0,0.24382206,18,0.43912449,0.00467608,0.61706773,178170.15,A,6,Buenos Aires,6154,Carlos Tejedor,1,kmeans,3,0.369519
2092.0,484.0,18.0,0.24265571,16,0.37667304,0.07743971,0.36783478,200716.51,G,6,Buenos Aires,6161,Carmen de Areco,1,kmeans,3,0.369519
887.0,237.0,1.0,0.16983257,17,0.30439684,0.05882353,0.43220122,191908.88,A,6,Buenos Aires,6168,Castelli,1,kmeans,3,0.369519
3898.0,617.0,40.0,0.27238054,16,0.47434582,0.04858164,0.3303582,239182.32,C,6,Buenos Aires,6175,Colón,1,kmeans,3,0.369519
3227.0,831.0,17.0,0.16027391,18,0.3362256,0.04438298,0.34790105,202027.37,G,6,Buenos Aires,6182,Coronel de Marina Leonardo Rosales,1,kmeans,3,0.369519
1620.0,484.0,3.0,0.215615,17,0.33148148,0.06408983,0.3909932,161397.25,A,6,Buenos Aires,6189,Coronel Dorrego,1,kmeans,3,0.369519
2245.0,695.0,20.0,0.15552602,19,0.26191537,0.03440519,0.37281001,167901.32,G,6,Buenos Aires,6196,Coronel Pringles,1,kmeans,3,0.369519
4741.0,1261.0,37.0,0.17865251,18,0.2518456,0.02674485,0.37280781,200589.68,C,6,Buenos Aires,6203,Coronel Suárez,1,kmeans,3,0.369519
6981.0,1381.0,54.0,0.16300255,18,0.28119181,0.03754294,0.29568216,207125.72,C,6,Buenos Aires,6210,Chacabuco,1,kmeans,3,0.369519
4686.0,1089.0,26.0,0.13368578,18,0.27294067,0.03487033,0.31652982,188879.65,G,6,Buenos Aires,6217,Chascomús,1,kmeans,3,0.369519
8419.0,1863.0,56.0,0.16083509,18,0.30252999,0.02256014,0.28594627,222988.01,C,6,Buenos Aires,6224,Chivilcoy,1,kmeans,3,0.369519
1972.0,545.0,13.0,0.236477,17,0.33874239,0.0205999,0.41163595,166510.73,A,6,Buenos Aires,6231,Daireaux,1,kmeans,3,0.369519
2348.0,615.0,5.0,0.14287451,18,0.28662692,0.03816425,0.33081903,176930.93,G,6,Buenos Aires,6238,Dolores,1,kmeans,3,0.369519
14350.0,898.0,40.0,0.17769962,19,0.32181185,0.04880265,0.20740636,239357.11,C,6,Buenos Aires,6245,Ensenada,1,kmeans,3,0.369519
37585.0,3740.0,327.0,0.18699335,19,0.3669549,0.09262296,0.18389808,241311.17,C,6,Buenos Aires,6252,Escobar,1,kmeans,3,0.369519
35457.0,3742.0,155.0,0.15004979,19,0.2398116,0.12307938,0.18042723,213857.27,H,6,Buenos Aires,6260,Esteban Echeverría,1,kmeans,3,0.369519
3676.0,700.0,36.0,0.13438712,17,0.28454842,0.03633264,0.29741915,222316.87,C,6,Buenos Aires,6266,Exaltación de la Cruz,1,kmeans,3,0.369519
28664.0,2335.0,150.0,0.16116358,19,0.2818518,0.07987765,0.14541634,215883.53,H,6,Buenos Aires,6270,Ezeiza,1,kmeans,3,0.369519
19995.0,2672.0,105.0,0.14756071,19,0.24916229,0.13023755,0.20936754,220510.98,C,6,Buenos Aires,6274,Florencio Varela,1,kmeans,3,0.369519
924.0,276.0,12.0,0.22339818,16,0.3495671,0.02354692,0.50903245,174900.41,A,6,Buenos Aires,6277,Florentino Ameghino,1,kmeans,3,0.369519
3792.0,1198.0,34.0,0.13237604,18,0.2439346,0.09012932,0.39308453,171403.31,G,6,Buenos Aires,6280,General Alvarado,1,kmeans,3,0.369519
737.0,225.0,5.0,0.27928876,18,0.48032564,0.02777778,0.50267806,155692.04,A,6,Buenos Aires,6287,General Alvear,1,kmeans,3,0.369519
1606.0,432.0,18.0,0.17294579,17,0.26774595,0.02460625,0.36876785,185691.21,G,6,Buenos Aires,6294,General Arenales,1,kmeans,3,0.369519
1462.0,489.0,12.0,0.2029424,17,0.3248974,0.0397815,0.46195463,163742.55,G,6,Buenos Aires,6301,General Belgrano,1,kmeans,3,0.369519
233.0,106.0,1.0,0.39593656,11,0.55364807,0.00649351,0.66404528,144171.88,A,6,Buenos Aires,6308,General Guido,2,kmeans,3,0.369519
2360.0,525.0,15.0,0.14148377,19,0.30169492,0.0373263,0.31232005,170620.19,G,6,Buenos Aires,6315,General Juan Madariaga,1,kmeans,3,0.369519
942.0,366.0,3.0,0.34329316,17,0.52229299,0.00676032,0.50583494,137080.47,A,6,Buenos Aires,6322,General La Madrid,1,kmeans,3,0.369519
2274.0,312.0,33.0,0.37969816,16,0.59498681,0.03025413,0.43356047,261770.66,C,6,Buenos Aires,6329,General Las Heras,2,kmeans,3,0.369519
730.0,152.0,7.0,0.34536311,13,0.55890411,0.05182612,0.40196316,163632.55,G,6,Buenos Aires,6336,General Lavalle,2,kmeans,3,0.369519
703.0,266.0,5.0,0.16686665,18,0.27596017,0.06812169,0.43771084,172703.59,G,6,Buenos Aires,6343,General Paz,1,kmeans,3,0.369519
1028.0,317.0,13.0,0.30246483,15,0.45719844,0.09583784,0.54375196,157954.63,A,6,Buenos Aires,6351,General Pinto,2,kmeans,3,0.369519
118660.0,20167.0,800.0,0.11072155,21,0.21441935,0.04065018,0.2292423,197469.29,G,6,Buenos Aires,6357,General Pueyrredón,3,kmeans,3,0.369519
15624.0,1820.0,87.0,0.21344208,18,0.37781618,0.03978139,0.2167572,241455.01,C,6,Buenos Aires,6364,General Rodríguez,1,kmeans,3,0.369519
80264.0,10137.0,798.0,0.25385668,19,0.46531446,0.07484493,0.19511278,252304.79,C,6,Buenos Aires,6371,General San Martín,3,kmeans,3,0.369519
1180.0,408.0,6.0,0.18920569,17,0.32627119,0.02815803,0.43158575,171752.92,A,6,Buenos Aires,6385,General Viamonte,1,kmeans,3,0.369519
3773.0,1161.0,42.0,0.22328843,18,0.38802014,0.02928858,0.36127155,163896.26,A,6,Buenos Aires,6392,General Villegas,1,kmeans,3,0.369519
1066.0,378.0,13.0,0.32678139,17,0.52439024,0.04347246,0.52727832,135766.27,A,6,Buenos Aires,6399,Guaminí,2,kmeans,3,0.369519
919.0,277.0,4.0,0.24180491,16,0.42002176,0.03755328,0.42919252,153763.86,A,6,Buenos Aires,6406,Hipólito Yrigoyen,1,kmeans,3,0.369519
17278.0,2254.0,132.0,0.14967133,19,0.26999653,0.06242076,0.23902645,221308.59,C,6,Buenos Aires,6408,Hurlingham,1,kmeans,3,0.369519
20468.0,2708.0,119.0,0.12690723,19,0.22347078,0.05724238,0.20324395,200035.76,G,6,Buenos Aires,6410,Ituzaingó,1,kmeans,3,0.369519
11444.0,1665.0,37.0,0.16027853,19,0.27813702,0.02885054,0.23068695,193860.51,G,6,Buenos Aires,6412,José C. Paz,1,kmeans,3,0.369519
15266.0,2977.0,119.0,0.15419665,19,0.32058168,0.09148969,0.2360225,194966.4,G,6,Buenos Aires,6413,Junín,1,kmeans,3,0.369519
7815.0,2308.0,40.0,0.13754812,18,0.27933461,0.03320044,0.34865721,204502.89,G,6,Buenos Aires,6420,La Costa,1,kmeans,3,0.369519
127962.0,17093.0,877.0,0.16120213,20,0.30946687,0.08102193,0.17176563,233356.95,C,6,Buenos Aires,6427,La Matanza,3,kmeans,3,0.369519
53271.0,8271.0,409.0,0.18794599,20,0.3557658,0.08007206,0.25318357,238902.63,C,6,Buenos Aires,6434,Lanús,3,kmeans,3,0.369519
89699.0,13288.0,246.0,0.10278418,20,0.20042587,0.03960008,0.17010058,188625.52,G,6,Buenos Aires,6441,La Plata,3,kmeans,3,0.369519
686.0,286.0,4.0,0.31951823,17,0.47667638,0.08912656,0.56555082,145102.08,A,6,Buenos Aires,6448,Laprida,2,kmeans,3,0.369519
2290.0,569.0,13.0,0.16177419,19,0.27729258,0.06617695,0.35780068,216252.3,C,6,Buenos Aires,6455,Las Flores,1,kmeans,3,0.369519
1579.0,527.0,21.0,0.18942774,18,0.34388854,0.01978778,0.46191205,175532.3,A,6,Buenos Aires,6462,Leandro N. Alem,1,kmeans,3,0.369519
716.0,243.0,8.0,0.17979308,17,0.29748603,0.03712158,0.56558506,193206.71,A,6,Buenos Aires,6466,Lezama,1,kmeans,3,0.369519
4911.0,1346.0,37.0,0.16939026,18,0.31704337,0.03310763,0.3285098,178416.71,A,6,Buenos Aires,6469,Lincoln,1,kmeans,3,0.369519
1695.0,619.0,21.0,0.30400606,18,0.48377581,0.08520273,0.48323943,143922.57,A,6,Buenos Aires,6476,Lobería,1,kmeans,3,0.369519
4337.0,1020.0,30.0,0.13386585,18,0.23403274,0.03761441,0.32213714,212136.45,C,6,Buenos Aires,6483,Lobos,1,kmeans,3,0.369519
58891.0,8920.0,336.0,0.1302087,21,0.20167768,0.08758038,0.250674,220987.91,G,6,Buenos Aires,6490,Lomas de Zamora,3,kmeans,3,0.369519
17175.0,2598.0,103.0,0.16897322,19,0.3510917,0.02559031,0.22581451,243475.99,C,6,Buenos Aires,6497,Luján,1,kmeans,3,0.369519
1926.0,387.0,15.0,0.2884402,18,0.50207684,0.04302125,0.42988261,265215.03,C,6,Buenos Aires,6505,Magdalena,1,kmeans,3,0.369519
957.0,276.0,9.0,0.27497437,17,0.46081505,0.04376751,0.43522526,170447.47,G,6,Buenos Aires,6511,Maipú,1,kmeans,3,0.369519
39327.0,3681.0,412.0,0.19339303,19,0.32908689,0.084696,0.18390738,235444.38,C,6,Buenos Aires,6515,Malvinas Argentinas,1,kmeans,3,0.369519
1956.0,595.0,11.0,0.15312854,18,0.26329243,0.01550892,0.31780956,166889.36,A,6,Buenos Aires,6518,Mar Chiquita,1,kmeans,3,0.369519
3904.0,650.0,35.0,0.18365752,18,0.36244877,0.04320113,0.29806831,247510.95,C,6,Buenos Aires,6525,Marcos Paz,1,kmeans,3,0.369519
8903.0,1410.0,61.0,0.19356671,19,0.37504212,0.06745579,0.28596976,240670.91,C,6,Buenos Aires,6532,Mercedes,1,kmeans,3,0.369519
24883.0,3390.0,99.0,0.14835116,19,0.24755857,0.07429443,0.20299699,217461.07,C,6,Buenos Aires,6539,Merlo,1,kmeans,3,0.369519
2718.0,607.0,23.0,0.17605737,19,0.34363503,0.04894766,0.32575661,229204.31,C,6,Buenos Aires,6547,Monte,1,kmeans,3,0.369519
905.0,349.0,1.0,0.17145875,16,0.2519337,0.0078125,0.52595564,180457.72,I,6,Buenos Aires,6553,Monte Hermoso,1,kmeans,3,0.369519
35171.0,4150.0,216.0,0.14149422,19,0.2258679,0.07709952,0.17009459,207730.42,G,6,Buenos Aires,6560,Moreno,1,kmeans,3,0.369519
55064.0,7704.0,349.0,0.12577415,20,0.19653494,0.02739499,0.19120621,214623.97,G,6,Buenos Aires,6568,Morón,3,kmeans,3,0.369519
1762.0,400.0,14.0,0.21013102,17,0.39670829,0.07963115,0.3568856,236669.96,C,6,Buenos Aires,6574,Navarro,1,kmeans,3,0.369519
12459.0,2739.0,57.0,0.12844094,19,0.25451481,0.03385152,0.26284687,189221.23,G,6,Buenos Aires,6581,Necochea,1,kmeans,3,0.369519
5714.0,1377.0,40.0,0.1616736,18,0.27826391,0.03639027,0.32867842,199942.48,G,6,Buenos Aires,6588,9 de Julio,1,kmeans,3,0.369519
18306.0,3107.0,104.0,0.11612164,19,0.20201027,0.04508737,0.23239991,203185.12,G,6,Buenos Aires,6595,Olavarría,1,kmeans,3,0.369519
2182.0,660.0,25.0,0.22500653,19,0.40788268,0.02865136,0.44239845,158345.8,G,6,Buenos Aires,6602,Patagones,1,kmeans,3,0.369519
3709.0,1140.0,37.0,0.17200479,18,0.29576705,0.03110593,0.33878612,177534.37,G,6,Buenos Aires,6609,Pehuajó,1,kmeans,3,0.369519
506.0,202.0,5.0,0.23620897,15,0.42885375,0.03386629,0.59563699,145603.36,A,6,Buenos Aires,6616,Pellegrini,1,kmeans,3,0.369519
18004.0,3121.0,170.0,0.15081615,18,0.26860698,0.03544724,0.21722097,208020.3,C,6,Buenos Aires,6623,Pergamino,1,kmeans,3,0.369519
164.0,51.0,1.0,0.29825997,9,0.4695122,0.11111111,0.54245183,167858.12,A,6,Buenos Aires,6630,Pila,2,kmeans,3,0.369519
69099.0,6787.0,609.0,0.17211213,19,0.35068525,0.08704093,0.16107022,234918.72,C,6,Buenos Aires,6638,Pilar,3,kmeans,3,0.369519
6999.0,1860.0,31.0,0.16444896,18,0.29032719,0.07281024,0.29470303,187366.26,I,6,Buenos Aires,6644,Pinamar,1,kmeans,3,0.369519
3062.0,439.0,3.0,0.21322432,17,0.38928805,0.00645732,0.33956856,176356.15,H,6,Buenos Aires,6648,Presidente Perón,1,kmeans,3,0.369519
1963.0,482.0,12.0,0.15558308,16,0.29801325,0.0924612,0.43105015,196755.6,G,6,Buenos Aires,6651,Puán,1,kmeans,3,0.369519
495.0,194.0,1.0,0.20519131,15,0.36969697,0.01666667,0.45671716,177151.67,A,6,Buenos Aires,6655,Punta Indio,1,kmeans,3,0.369519
70121.0,8734.0,422.0,0.14697257,19,0.2841802,0.07723701,0.17372148,232374.24,C,6,Buenos Aires,6658,Quilmes,3,kmeans,3,0.369519
11849.0,881.0,51.0,0.3489535,19,0.56958393,0.04446398,0.23916519,254060.89,C,6,Buenos Aires,6665,Ramallo,1,kmeans,3,0.369519
1519.0,487.0,5.0,0.205449,16,0.29163924,0.02013808,0.49151574,170424.0,G,6,Buenos Aires,6672,Rauch,1,kmeans,3,0.369519
2101.0,677.0,20.0,0.24076044,17,0.41789624,0.02737919,0.48850791,158581.85,A,6,Buenos Aires,6679,Rivadavia,1,kmeans,3,0.369519
4128.0,755.0,56.0,0.1877595,17,0.32727713,0.04071951,0.32280557,223783.09,C,6,Buenos Aires,6686,Rojas,1,kmeans,3,0.369519
1337.0,412.0,14.0,0.23484911,17,0.34928945,0.08552313,0.48823276,207009.14,C,6,Buenos Aires,6693,Roque Pérez,1,kmeans,3,0.369519
2292.0,685.0,24.0,0.169187,18,0.31108202,0.02806851,0.40429306,199181.12,G,6,Buenos Aires,6700,Saavedra,1,kmeans,3,0.369519
3527.0,896.0,37.0,0.17584008,19,0.26963425,0.07517574,0.39762524,213104.68,C,6,Buenos Aires,6707,Saladillo,1,kmeans,3,0.369519
7978.0,929.0,60.0,0.23332408,19,0.32840311,0.094214,0.29978826,204184.72,C,6,Buenos Aires,6714,Salto,1,kmeans,3,0.369519
832.0,286.0,4.0,0.20584377,17,0.29326923,0.00512052,0.5032051,186802.85,A,6,Buenos Aires,6721,Salliqueló,1,kmeans,3,0.369519
3370.0,667.0,24.0,0.23449269,19,0.40296736,0.0289646,0.42437318,223401.08,C,6,Buenos Aires,6728,San Andrés de Giles,1,kmeans,3,0.369519
3366.0,733.0,26.0,0.13752216,18,0.20499109,0.09623004,0.28175921,199892.4,C,6,Buenos Aires,6735,San Antonio de Areco,1,kmeans,3,0.369519
578.0,231.0,3.0,0.22463811,15,0.3633218,0.06666667,0.54275822,185538.5,A,6,Buenos Aires,6742,San Cayetano,1,kmeans,3,0.369519
29419.0,3313.0,192.0,0.19495324,20,0.38583908,0.05577958,0.21173368,245191.46,C,6,Buenos Aires,6749,San Fernando,1,kmeans,3,0.369519
98372.0,11335.0,942.0,0.11327774,19,0.21775505,0.07874224,0.13962927,187445.9,G,6,Buenos Aires,6756,San Isidro,3,kmeans,3,0.369519
28070.0,4259.0,105.0,0.10995275,19,0.17787674,0.06502973,0.19921367,195281.76,G,6,Buenos Aires,6760,San Miguel,1,kmeans,3,0.369519
19385.0,3054.0,71.0,0.10973157,19,0.19582151,0.02726092,0.22206341,205564.82,G,6,Buenos Aires,6763,San Nicolás,1,kmeans,3,0.369519
7925.0,1479.0,66.0,0.13261894,19,0.23242902,0.02475656,0.22928486,189313.63,A,6,Buenos Aires,6770,San Pedro,1,kmeans,3,0.369519
4719.0,825.0,27.0,0.13323806,19,0.25980081,0.10412246,0.26463614,226721.78,C,6,Buenos Aires,6778,San Vicente,1,kmeans,3,0.369519
1068.0,254.0,1.0,0.17795522,17,0.29681648,0.00534759,0.43897435,213290.95,C,6,Buenos Aires,6784,Suipacha,1,kmeans,3,0.369519
21707.0,5182.0,97.0,0.11935662,20,0.26115999,0.0108768,0.28933854,184647.88,G,6,Buenos Aires,6791,Tandil,1,kmeans,3,0.369519
546.0,281.0,4.0,0.3010506,18,0.48534799,0.03765432,0.56191365,144031.49,A,6,Buenos Aires,6798,Tapalqué,1,kmeans,3,0.369519
83661.0,8062.0,583.0,0.19503306,20,0.37783436,0.08779135,0.202458,236750.39,C,6,Buenos Aires,6805,Tigre,3,kmeans,3,0.369519
268.0,44.0,1.0,0.32624193,6,0.44402985,0.02777778,0.32487032,127286.82,H,6,Buenos Aires,6812,Tordillo,2,kmeans,3,0.369519
1699.0,502.0,12.0,0.12601014,18,0.19776339,0.03340914,0.43292879,202431.68,G,6,Buenos Aires,6819,Tornquist,1,kmeans,3,0.369519
6655.0,1715.0,62.0,0.15355373,17,0.24928625,0.03382258,0.32858348,176101.76,G,6,Buenos Aires,6826,Trenque Lauquen,1,kmeans,3,0.369519
8454.0,2061.0,72.0,0.12725333,19,0.23231606,0.08731756,0.27432326,196883.16,G,6,Buenos Aires,6833,Tres Arroyos,1,kmeans,3,0.369519
56379.0,8040.0,499.0,0.25842956,19,0.46299154,0.08137162,0.2037886,249374.09,C,6,Buenos Aires,6840,Tres de Febrero,3,kmeans,3,0.369519
576.0,217.0,2.0,0.30807533,15,0.49479167,0.0055371,0.51297156,140450.01,A,6,Buenos Aires,6847,Tres Lomas,1,kmeans,3,0.369519
3201.0,912.0,14.0,0.18303237,18,0.35145267,0.01443449,0.36261855,171152.65,A,6,Buenos Aires,6854,25 de Mayo,1,kmeans,3,0.369519
120347.0,11526.0,1133.0,0.13401872,20,0.24408585,0.08298134,0.16302571,208873.96,C,6,Buenos Aires,6861,Vicente López,3,kmeans,3,0.369519
5435.0,1696.0,10.0,0.16366533,18,0.28150874,0.00608371,0.30913419,198003.71,I,6,Buenos Aires,6868,Villa Gesell,1,kmeans,3,0.369519
2515.0,798.0,58.0,0.16851273,18,0.29343936,0.02749179,0.37500253,175492.49,A,6,Buenos Aires,6875,Villarino,1,kmeans,3,0.369519
28304.0,2342.0,120.0,0.22325406,18,0.43071651,0.08715491,0.19611067,260688.57,C,6,Buenos Aires,6882,Zárate,1,kmeans,3,0.369519
198.0,30.0,0.0,0.26839098,9,0.44949495,0.0,0.27076213,0.0,C,10,Catamarca,10007,Ambato,1,kmeans,3,0.369519
26.0,6.0,0.0,0.73076924,3,0.84615385,0.0,0.6010101,0.0,N,10,Catamarca,10014,Ancasti,2,kmeans,3,0.369519
1481.0,242.0,13.0,0.14474088,15,0.23767725,0.14638889,0.30617953,0.0,B,10,Catamarca,10021,Andalgalá,1,kmeans,3,0.369519
717.0,31.0,6.0,0.64782752,10,0.79497908,0.07916667,0.54106801,0.0,B,10,Catamarca,10028,Antofagasta de la Sierra,2,kmeans,3,0.369519
1057.0,263.0,14.0,0.2247619,16,0.42289499,0.07986111,0.38564267,0.0,G,10,Catamarca,10035,Belén,1,kmeans,3,0.369519
832.0,68.0,1.0,0.45692145,12,0.65384615,0.02083333,0.48527458,0.0,F,10,Catamarca,10042,Capayán,2,kmeans,3,0.369519
22415.0,3241.0,118.0,0.11436831,19,0.21771135,0.07188437,0.17998422,0.0,G,10,Catamarca,10049,Capital,1,kmeans,3,0.369519
359.0,21.0,3.0,0.52863494,8,0.69637883,0.09375,0.42239098,0.0,C,10,Catamarca,10056,El Alto,2,kmeans,3,0.369519
344.0,91.0,7.0,0.12838021,13,0.22383721,0.13709624,0.34358743,0.0,C,10,Catamarca,10063,Fray Mamerto Esquiú,1,kmeans,3,0.369519
1716.0,158.0,14.0,0.39077978,15,0.60722611,0.13287803,0.26232955,0.0,C,10,Catamarca,10070,La Paz,2,kmeans,3,0.369519
79.0,29.0,2.0,0.44015382,5,0.46835443,0.12857143,0.63513514,0.0,A,10,Catamarca,10077,Paclín,2,kmeans,3,0.369519
661.0,125.0,10.0,0.40746268,12,0.60665658,0.13252315,0.50987931,0.0,A,10,Catamarca,10084,Pomán,2,kmeans,3,0.369519
1206.0,278.0,9.0,0.16386971,16,0.27446103,0.02083333,0.34438216,0.0,G,10,Catamarca,10091,Santa María,1,kmeans,3,0.369519
497.0,115.0,9.0,0.44089487,12,0.64386318,0.08198052,0.50757989,0.0,A,10,Catamarca,10098,Santa Rosa,2,kmeans,3,0.369519
928.0,188.0,13.0,0.16314516,14,0.29202586,0.17081014,0.33753835,0.0,G,10,Catamarca,10105,Tinogasta,1,kmeans,3,0.369519
1675.0,161.0,10.0,0.27046559,14,0.36477612,0.03534167,0.31196241,0.0,F,10,Catamarca,10112,Valle Viejo,1,kmeans,3,0.369519
6552.0,1366.0,32.0,0.13674132,19,0.20680708,0.04985321,0.27778425,138902.68,G,14,Cordoba,14007,Calamuchita,1,kmeans,3,0.369519
265449.0,32770.0,1307.0,0.1095054,20,0.18667993,0.04850979,0.15649736,139039.12,G,14,Cordoba,14014,Capital,3,kmeans,3,0.369519
24593.0,4434.0,180.0,0.12612031,19,0.231204,0.03999211,0.20516067,138954.11,G,14,Cordoba,14021,Colón,1,kmeans,3,0.369519
2714.0,543.0,23.0,0.12352066,18,0.22697126,0.05289227,0.33292887,138779.03,G,14,Cordoba,14028,Cruz del Eje,1,kmeans,3,0.369519
3591.0,1277.0,33.0,0.25668436,16,0.43664717,0.02868235,0.41153946,138807.08,A,14,Cordoba,14035,General Roca,1,kmeans,3,0.369519
23656.0,4519.0,154.0,0.15835471,19,0.26686676,0.01853544,0.25310986,138889.79,G,14,Cordoba,14042,General San Martín,1,kmeans,3,0.369519
1396.0,341.0,8.0,0.12063324,16,0.25143266,0.03240682,0.32858906,138873.03,G,14,Cordoba,14049,Ischilín,1,kmeans,3,0.369519
13512.0,2216.0,156.0,0.18899508,18,0.33029899,0.04875405,0.31565758,138940.5,C,14,Cordoba,14056,Juárez Celman,1,kmeans,3,0.369519
16316.0,3475.0,131.0,0.19391383,19,0.33746016,0.02164045,0.35294238,138871.49,C,14,Cordoba,14063,Marcos Juárez,1,kmeans,3,0.369519
270.0,63.0,4.0,0.17920439,15,0.34814815,0.05,0.42355655,138830.95,G,14,Cordoba,14070,Minas,1,kmeans,3,0.369519
37.0,17.0,0.0,0.21110299,9,0.32432432,0.0,0.65185185,138820.38,G,14,Cordoba,14077,Pocho,2,kmeans,3,0.369519
4021.0,1144.0,41.0,0.16995152,17,0.2820194,0.02766999,0.36893998,138803.87,A,14,Cordoba,14084,Presidente Roque Sáenz Peña,1,kmeans,3,0.369519
25584.0,4914.0,133.0,0.12150049,19,0.20735616,0.02366601,0.22423531,138965.48,G,14,Cordoba,14091,Punilla,1,kmeans,3,0.369519
37545.0,7989.0,274.0,0.13274057,19,0.27127447,0.0397721,0.24449736,138951.26,G,14,Cordoba,14098,Río Cuarto,1,kmeans,3,0.369519
5822.0,1257.0,63.0,0.13695815,19,0.22346273,0.04361467,0.32331065,139019.16,C,14,Cordoba,14105,Río Primero,1,kmeans,3,0.369519
620.0,179.0,2.0,0.23969303,15,0.41935484,0.025,0.46389355,139039.81,A,14,Cordoba,14112,Río Seco,1,kmeans,3,0.369519
14878.0,2980.0,133.0,0.23363684,18,0.4229063,0.02236373,0.30509554,138853.57,C,14,Cordoba,14119,Río Segundo,1,kmeans,3,0.369519
2277.0,598.0,12.0,0.16314006,17,0.29380764,0.03805627,0.35851261,138754.61,G,14,Cordoba,14126,San Alberto,1,kmeans,3,0.369519
3811.0,862.0,24.0,0.14718893,18,0.26371031,0.03514984,0.36363956,138852.03,G,14,Cordoba,14133,San Javier,1,kmeans,3,0.369519
35745.0,6495.0,293.0,0.19198384,19,0.36410687,0.02371008,0.23700672,138892.59,C,14,Cordoba,14140,San Justo,1,kmeans,3,0.369519
15327.0,2450.0,110.0,0.18157354,19,0.36908723,0.02203359,0.22643634,139049.29,C,14,Cordoba,14147,Santa María,1,kmeans,3,0.369519
154.0,49.0,5.0,0.32248271,10,0.40909091,0.225,0.59922616,139012.08,A,14,Cordoba,14154,Sobremonte,2,kmeans,3,0.369519
15769.0,3113.0,116.0,0.16340422,19,0.29437504,0.03797277,0.28515335,138962.6,C,14,Cordoba,14161,Tercero Arriba,1,kmeans,3,0.369519
3209.0,519.0,44.0,0.26352409,16,0.43502649,0.03020495,0.38663623,138935.1,C,14,Cordoba,14168,Totoral,1,kmeans,3,0.369519
616.0,174.0,4.0,0.18409512,17,0.35876623,0.07254902,0.4400557,139066.86,A,14,Cordoba,14175,Tulumba,1,kmeans,3,0.369519
14101.0,3027.0,108.0,0.17555544,19,0.28707184,0.0336934,0.30788628,138909.19,C,14,Cordoba,14182,Unión,1,kmeans,3,0.369519
2368.0,445.0,22.0,0.2569358,18,0.45861486,0.02773689,0.33980032,0.0,C,18,Corrientes,18007,Bella Vista,1,kmeans,3,0.369519
100.0,31.0,7.0,0.2714,9,0.39,0.13888889,0.59472934,0.0,C,18,Corrientes,18014,Berón de Astrada,2,kmeans,3,0.369519
39105.0,5718.0,133.0,0.12333601,19,0.28267485,0.04470129,0.17582241,0.0,G,18,Corrientes,18021,Capital,1,kmeans,3,0.369519
764.0,163.0,13.0,0.32016324,16,0.5039267,0.03025338,0.48976145,0.0,C,18,Corrientes,18028,Concepción,2,kmeans,3,0.369519
3139.0,745.0,22.0,0.23350087,16,0.37687162,0.0265198,0.30730464,0.0,A,18,Corrientes,18035,Curuzú Cuatiá,1,kmeans,3,0.369519
273.0,92.0,6.0,0.15611373,16,0.26739927,0.06387061,0.47711687,0.0,G,18,Corrientes,18042,Empedrado,1,kmeans,3,0.369519
1572.0,306.0,11.0,0.29825784,17,0.50890585,0.02615385,0.39407387,0.0,G,18,Corrientes,18049,Esquina,1,kmeans,3,0.369519
275.0,83.0,6.0,0.25603967,14,0.41454545,0.05042887,0.52127347,0.0,A,18,Corrientes,18056,General Alvear,1,kmeans,3,0.369519
341.0,100.0,4.0,0.18117319,11,0.32844575,0.02228453,0.34234163,0.0,A,18,Corrientes,18063,General Paz,1,kmeans,3,0.369519
4822.0,1064.0,38.0,0.15316594,17,0.30174202,0.0629681,0.24025431,0.0,G,18,Corrientes,18070,Goya,1,kmeans,3,0.369519
246.0,61.0,2.0,0.20116994,12,0.35365854,0.04166667,0.37593427,0.0,G,18,Corrientes,18077,Itatí,1,kmeans,3,0.369519
3939.0,567.0,34.0,0.16188761,19,0.25463316,0.04684757,0.33540835,0.0,C,18,Corrientes,18084,Ituzaingó,1,kmeans,3,0.369519
727.0,198.0,8.0,0.4111657,16,0.60110041,0.03609587,0.53138766,0.0,A,18,Corrientes,18091,Lavalle,2,kmeans,3,0.369519
223.0,53.0,2.0,0.34830783,11,0.55605381,0.03393939,0.4459042,0.0,G,18,Corrientes,18098,Mburucuyá,2,kmeans,3,0.369519
3540.0,665.0,26.0,0.18902918,18,0.35819209,0.04630905,0.28518631,0.0,A,18,Corrientes,18105,Mercedes,1,kmeans,3,0.369519
3054.0,656.0,26.0,0.20763069,19,0.29502292,0.03676963,0.34913349,0.0,C,18,Corrientes,18112,Monte Caseros,1,kmeans,3,0.369519
3439.0,830.0,38.0,0.16485457,18,0.29805176,0.05559444,0.35452703,0.0,G,18,Corrientes,18119,Paso de los Libres,1,kmeans,3,0.369519
997.0,216.0,11.0,0.23930065,16,0.34904714,0.03604999,0.44113651,0.0,G,18,Corrientes,18126,Saladas,1,kmeans,3,0.369519
778.0,246.0,12.0,0.12117287,15,0.18123393,0.05732904,0.43288427,0.0,G,18,Corrientes,18133,San Cosme,1,kmeans,3,0.369519
222.0,96.0,2.0,0.20189108,13,0.37837838,0.02564103,0.57447289,0.0,G,18,Corrientes,18140,San Luis del Palmar,1,kmeans,3,0.369519
725.0,153.0,8.0,0.21035339,14,0.3337931,0.02242102,0.47472819,0.0,A,18,Corrientes,18147,San Martín,1,kmeans,3,0.369519
366.0,66.0,6.0,0.21629491,12,0.3442623,0.05837511,0.41958772,0.0,A,18,Corrientes,18154,San Miguel,1,kmeans,3,0.369519
817.0,176.0,3.0,0.16719526,16,0.30354957,0.03125,0.31460168,0.0,A,18,Corrientes,18161,San Roque,1,kmeans,3,0.369519
8823.0,1129.0,65.0,0.25175809,19,0.35520798,0.03719077,0.30460859,0.0,C,18,Corrientes,18168,Santo Tomé,1,kmeans,3,0.369519
378.0,125.0,5.0,0.35694689,14,0.52116402,0.1268797,0.55488285,0.0,A,18,Corrientes,18175,Sauce,2,kmeans,3,0.369519
1547.0,360.0,12.0,0.2835444,16,0.45765999,0.03784029,0.41264861,0.0,A,22,Chaco,22007,Almirante Brown,1,kmeans,3,0.369519
863.0,137.0,9.0,0.18210613,13,0.3174971,0.06593407,0.39524676,0.0,C,22,Chaco,22014,Bermejo,1,kmeans,3,0.369519
7407.0,1443.0,33.0,0.1542559,17,0.32118267,0.04249922,0.24364425,0.0,G,22,Chaco,22021,Comandante Fernández,1,kmeans,3,0.369519
3475.0,765.0,33.0,0.23857788,17,0.39309353,0.03969068,0.26202299,0.0,G,22,Chaco,22028,Chacabuco,1,kmeans,3,0.369519
885.0,187.0,12.0,0.22857417,16,0.35819209,0.02539033,0.31626989,0.0,A,22,Chaco,22036,12 de Octubre,1,kmeans,3,0.369519
656.0,169.0,10.0,0.26019203,13,0.4375,0.06194981,0.42552901,0.0,A,22,Chaco,22039,2 de Abril,1,kmeans,3,0.369519
129.0,57.0,2.0,0.16062737,13,0.28682171,0.03155819,0.54001685,0.0,A,22,Chaco,22043,Fray Justo Santa María de Oro,1,kmeans,3,0.369519
444.0,110.0,5.0,0.3288897,15,0.5472973,0.02984543,0.4338111,0.0,A,22,Chaco,22049,General Belgrano,2,kmeans,3,0.369519
351.0,17.0,2.0,0.8850334,5,0.94017094,0.2,0.62621212,0.0,C,22,Chaco,22056,General Donovan,2,kmeans,3,0.369519
1897.0,412.0,5.0,0.15791073,17,0.26462836,0.02290553,0.33911085,0.0,P,22,Chaco,22063,General Güemes,1,kmeans,3,0.369519
1625.0,370.0,9.0,0.15682083,17,0.23076923,0.0216858,0.36956927,0.0,G,22,Chaco,22070,Independencia,1,kmeans,3,0.369519
1586.0,144.0,12.0,0.5739152,14,0.74337957,0.06252966,0.49955342,0.0,C,22,Chaco,22077,Libertad,2,kmeans,3,0.369519
1151.0,329.0,10.0,0.19602416,15,0.33536056,0.03521017,0.44939976,0.0,G,22,Chaco,22084,Libertador General San Martín,1,kmeans,3,0.369519
962.0,290.0,4.0,0.23662372,15,0.39085239,0.02007936,0.44007547,0.0,A,22,Chaco,22091,Maipú,1,kmeans,3,0.369519
3419.0,826.0,29.0,0.17538974,17,0.30505996,0.04842703,0.30804877,0.0,G,22,Chaco,22098,Mayor Luis J. Fontana,1,kmeans,3,0.369519
963.0,312.0,11.0,0.16554899,17,0.28452752,0.03514041,0.38585044,0.0,A,22,Chaco,22105,9 de Julio,1,kmeans,3,0.369519
496.0,150.0,1.0,0.18532941,13,0.32258065,0.01282051,0.38729049,0.0,A,22,Chaco,22112,O'Higgins,1,kmeans,3,0.369519
1121.0,192.0,4.0,0.30018995,16,0.51293488,0.01171875,0.44608275,0.0,D,22,Chaco,22119,Presidencia de la Plaza,1,kmeans,3,0.369519
210.0,90.0,4.0,0.15941043,14,0.26666667,0.02840909,0.57427334,0.0,G,22,Chaco,22126,1° de Mayo,1,kmeans,3,0.369519
973.0,278.0,2.0,0.17617607,15,0.31860226,0.00911681,0.34361163,0.0,G,22,Chaco,22133,Quitilipi,1,kmeans,3,0.369519
56027.0,6777.0,220.0,0.13595056,20,0.23572563,0.0454215,0.17701132,0.0,G,22,Chaco,22140,San Fernando,1,kmeans,3,0.369519
196.0,90.0,1.0,0.33376717,9,0.45918367,0.05555556,0.57687189,0.0,A,22,Chaco,22147,San Lorenzo,2,kmeans,3,0.369519
251.0,74.0,3.0,0.2195362,12,0.3187251,0.08796296,0.5050285,0.0,S,22,Chaco,22154,Sargento Cabral,1,kmeans,3,0.369519
363.0,57.0,1.0,0.4306248,8,0.48209366,0.125,0.55378623,0.0,F,22,Chaco,22161,Tapenagá,2,kmeans,3,0.369519
675.0,241.0,1.0,0.19374047,17,0.37777778,0.01176471,0.39250196,0.0,G,22,Chaco,22168,25 de Mayo,1,kmeans,3,0.369519
22133.0,2771.0,129.0,0.14129386,19,0.26137442,0.0639775,0.20393439,624928.6,C,26,Chubut,26007,Biedma,1,kmeans,3,0.369519
1148.0,325.0,18.0,0.21153741,18,0.3728223,0.04081967,0.49746843,624928.6,A,26,Chubut,26014,Cushamen,1,kmeans,3,0.369519
46405.0,5422.0,255.0,0.14417747,20,0.29035664,0.05111353,0.18021557,624928.6,B,26,Chubut,26021,Escalante,3,kmeans,3,0.369519
111.0,27.0,3.0,0.29486243,6,0.38738739,0.33333333,0.28566147,0.0,A,26,Chubut,26028,Florentino Ameghino,2,kmeans,3,0.369519
4603.0,1212.0,36.0,0.16102237,19,0.35954812,0.05385317,0.28520363,624928.6,G,26,Chubut,26035,Futaleufú,1,kmeans,3,0.369519
1454.0,267.0,14.0,0.26568551,17,0.45942228,0.02254504,0.40038232,624928.6,A,26,Chubut,26042,Gaiman,1,kmeans,3,0.369519
50.0,15.0,0.0,0.4536,4,0.64,0.0,0.48720238,624928.6,B,26,Chubut,26049,Gastre,2,kmeans,3,0.369519
30.0,19.0,1.0,0.22,8,0.36666667,0.125,0.72651515,0.0,A,26,Chubut,26056,Languiñeo,2,kmeans,3,0.369519
55.0,17.0,0.0,0.48429752,8,0.67272727,0.0,0.67323574,624928.6,D,26,Chubut,26063,Mártires,2,kmeans,3,0.369519
118.0,35.0,2.0,0.18198794,8,0.25423729,0.25,0.39194079,624928.6,G,26,Chubut,26070,Paso de Indios,1,kmeans,3,0.369519
21389.0,3372.0,148.0,0.12375774,19,0.26036748,0.04584178,0.18159992,624928.6,G,26,Chubut,26077,Rawson,1,kmeans,3,0.369519
484.0,132.0,3.0,0.21473089,13,0.3822314,0.05641026,0.38457526,624928.6,A,26,Chubut,26084,Río Senguer,1,kmeans,3,0.369519
1763.0,252.0,6.0,0.20954684,17,0.30232558,0.01816804,0.35241584,624928.6,A,26,Chubut,26091,Sarmiento,1,kmeans,3,0.369519
419.0,127.0,8.0,0.34896702,13,0.54415274,0.06265509,0.5500994,624928.6,A,26,Chubut,26098,Tehuelches,2,kmeans,3,0.369519
55.0,15.0,2.0,0.3414876,6,0.45454545,0.33333333,0.50473684,624928.6,D,26,Chubut,26105,Telsen,2,kmeans,3,0.369519
9657.0,1569.0,68.0,0.24261103,20,0.42963653,0.02240314,0.35375445,0.0,C,30,Entre Rios,30008,Colón,1,kmeans,3,0.369519
17898.0,3128.0,144.0,0.13512085,19,0.21639289,0.05421784,0.26400646,0.0,A,30,Entre Rios,30015,Concordia,1,kmeans,3,0.369519
5791.0,963.0,38.0,0.17097417,18,0.28354343,0.06594172,0.354935,0.0,P,30,Entre Rios,30021,Diamante,1,kmeans,3,0.369519
6554.0,1561.0,53.0,0.17112812,19,0.25312786,0.02281825,0.36861907,0.0,C,30,Entre Rios,30028,Federación,1,kmeans,3,0.369519
1241.0,433.0,7.0,0.17622255,18,0.29572925,0.03214826,0.47014148,0.0,A,30,Entre Rios,30035,Federal,1,kmeans,3,0.369519
608.0,192.0,2.0,0.17815097,16,0.31907895,0.01674107,0.46624856,0.0,A,30,Entre Rios,30042,Feliciano,1,kmeans,3,0.369519
5672.0,1115.0,52.0,0.17816002,19,0.31875882,0.03358694,0.35335609,0.0,C,30,Entre Rios,30049,Gualeguay,1,kmeans,3,0.369519
13936.0,2713.0,117.0,0.14718717,19,0.2614093,0.02853484,0.25808866,0.0,C,30,Entre Rios,30056,Gualeguaychú,1,kmeans,3,0.369519
1014.0,161.0,8.0,0.15966411,17,0.27416174,0.04083729,0.35185271,0.0,H,30,Entre Rios,30063,Islas del Ibicuy,1,kmeans,3,0.369519
4949.0,998.0,33.0,0.1637793,19,0.28349161,0.04274952,0.35941242,0.0,A,30,Entre Rios,30070,La Paz,1,kmeans,3,0.369519
3058.0,679.0,22.0,0.16177747,18,0.21419228,0.02000954,0.37910524,0.0,G,30,Entre Rios,30077,Nogoyá,1,kmeans,3,0.369519
49033.0,8102.0,287.0,0.12423782,20,0.2251137,0.04067406,0.23860774,0.0,G,30,Entre Rios,30084,Paraná,1,kmeans,3,0.369519
1506.0,440.0,35.0,0.20374457,18,0.30411687,0.03120409,0.47582006,0.0,C,30,Entre Rios,30088,San Salvador,1,kmeans,3,0.369519
1299.0,422.0,14.0,0.16399125,18,0.27944573,0.0328021,0.36744039,0.0,A,30,Entre Rios,30091,Tala,1,kmeans,3,0.369519
12693.0,2137.0,85.0,0.15978833,19,0.30284409,0.03913028,0.28652081,0.0,C,30,Entre Rios,30098,Uruguay,1,kmeans,3,0.369519
3751.0,775.0,26.0,0.13847952,19,0.21141029,0.02759826,0.37914435,0.0,C,30,Entre Rios,30105,Victoria,1,kmeans,3,0.369519
3107.0,890.0,35.0,0.14986592,19,0.24847119,0.08726536,0.3812747,0.0,G,30,Entre Rios,30113,Villaguay,1,kmeans,3,0.369519
315.0,52.0,1.0,0.23237088,10,0.34603175,0.05,0.31731908,0.0,F,34,Formosa,34007,Bermejo,1,kmeans,3,0.369519
20167.0,2866.0,74.0,0.14923238,19,0.27138394,0.05012161,0.18274746,0.0,F,34,Formosa,34014,Formosa,1,kmeans,3,0.369519
396.0,85.0,2.0,0.26919447,12,0.42929293,0.05555556,0.5723928,0.0,F,34,Formosa,34021,Laishi,2,kmeans,3,0.369519
222.0,64.0,2.0,0.22238454,13,0.35135135,0.11538462,0.47305628,0.0,G,34,Formosa,34028,Matacos,1,kmeans,3,0.369519
1419.0,392.0,8.0,0.18524345,17,0.26990839,0.0264742,0.33125552,0.0,G,34,Formosa,34035,Patiño,1,kmeans,3,0.369519
178.0,48.0,3.0,0.26688549,9,0.39325843,0.22222222,0.61727122,0.0,C,34,Formosa,34042,Pilagás,2,kmeans,3,0.369519
2323.0,591.0,21.0,0.19823347,18,0.38786053,0.04691484,0.35124232,0.0,G,34,Formosa,34049,Pilcomayo,1,kmeans,3,0.369519
1961.0,402.0,14.0,0.14339201,17,0.23253442,0.02928273,0.29543005,0.0,G,34,Formosa,34056,Pirané,1,kmeans,3,0.369519
1.0,1.0,0.0,1.0,1,1.0,0.0,1.0,0.0,G,34,Formosa,34063,Ramón Lista,2,kmeans,3,0.369519
3116.0,178.0,2.0,0.63579381,12,0.79300385,0.04166667,0.31668993,0.0,F,38,Jujuy,38007,Cochinoca,2,kmeans,3,0.369519
9415.0,1852.0,33.0,0.35807158,18,0.56856081,0.01705561,0.2351107,0.0,A,38,Jujuy,38014,El Carmen,1,kmeans,3,0.369519
27745.0,4177.0,95.0,0.10920385,19,0.23229411,0.03604294,0.18303801,0.0,G,38,Jujuy,38021,Dr. Manuel Belgrano,1,kmeans,3,0.369519
505.0,104.0,3.0,0.25356338,12,0.46138614,0.03055556,0.41350457,0.0,B,38,Jujuy,38028,Humahuaca,1,kmeans,3,0.369519
9168.0,617.0,18.0,0.45072194,17,0.66077661,0.05168704,0.22280912,0.0,C,38,Jujuy,38035,Ledesma,2,kmeans,3,0.369519
4057.0,465.0,21.0,0.14424723,18,0.29011585,0.08520723,0.24562881,0.0,C,38,Jujuy,38042,Palpalá,1,kmeans,3,0.369519
1137.0,45.0,3.0,0.67112145,9,0.81354442,0.12698413,0.28428699,0.0,B,38,Jujuy,38049,Rinconada,2,kmeans,3,0.369519
159.0,43.0,1.0,0.60231004,7,0.7672956,0.07142857,0.51608119,0.0,A,38,Jujuy,38056,San Antonio,2,kmeans,3,0.369519
3349.0,584.0,21.0,0.15715569,16,0.26515378,0.03877315,0.27328733,0.0,C,38,Jujuy,38063,San Pedro,1,kmeans,3,0.369519
654.0,77.0,0.0,0.45354394,14,0.64067278,0.0,0.49868493,0.0,A,38,Jujuy,38070,Santa Bárbara,2,kmeans,3,0.369519
39.0,14.0,1.0,0.51216305,5,0.69230769,0.05,0.55185185,0.0,F,38,Jujuy,38077,Santa Catalina,2,kmeans,3,0.369519
1790.0,63.0,12.0,0.58376704,9,0.74804469,0.11490683,0.32269918,0.0,B,38,Jujuy,38084,Susques,2,kmeans,3,0.369519
389.0,146.0,4.0,0.34582775,13,0.50642674,0.125,0.58728337,0.0,I,38,Jujuy,38094,Tilcara,2,kmeans,3,0.369519
462.0,94.0,3.0,0.20768914,10,0.30952381,0.03571429,0.39317428,0.0,C,38,Jujuy,38098,Tumbaya,1,kmeans,3,0.369519
36.0,10.0,3.0,0.40586419,5,0.58333333,0.12,0.44761905,0.0,A,38,Jujuy,38105,Valle Grande,2,kmeans,3,0.369519
455.0,190.0,2.0,0.18249487,15,0.3010989,0.0045977,0.58402653,0.0,G,38,Jujuy,38112,Yavi,1,kmeans,3,0.369519
1253.0,341.0,11.0,0.14646222,18,0.25538707,0.06928673,0.45165023,0.0,G,42,La Pampa,42007,Atreucó,1,kmeans,3,0.369519
409.0,46.0,7.0,0.41970697,13,0.63080685,0.14285714,0.46156647,0.0,C,42,La Pampa,42014,Caleu Caleu,2,kmeans,3,0.369519
15565.0,3546.0,85.0,0.11624655,19,0.26745904,0.04404873,0.23840516,0.0,G,42,La Pampa,42021,Capital,1,kmeans,3,0.369519
1231.0,271.0,24.0,0.23098456,16,0.29731925,0.03475736,0.5122627,0.0,G,42,La Pampa,42028,Catriló,1,kmeans,3,0.369519
958.0,389.0,8.0,0.18400809,15,0.31628392,0.00579268,0.47979144,0.0,G,42,La Pampa,42035,Conhelo,1,kmeans,3,0.369519
167.0,30.0,7.0,0.26279178,9,0.41916168,0.25925926,0.43936346,0.0,C,42,La Pampa,42042,Curacó,2,kmeans,3,0.369519
61.0,25.0,1.0,0.16957808,8,0.2295082,0.125,0.47721862,0.0,N,42,La Pampa,42049,Chalileo,1,kmeans,3,0.369519
1726.0,387.0,20.0,0.29079553,16,0.47624565,0.03551756,0.47771297,0.0,G,42,La Pampa,42056,Chapaleufú,1,kmeans,3,0.369519
17.0,8.0,0.0,0.21799308,6,0.29411765,0.0,0.61666667,0.0,F,42,La Pampa,42063,Chical Co,2,kmeans,3,0.369519
690.0,248.0,6.0,0.14360428,17,0.26956522,0.02892863,0.44543756,0.0,G,42,La Pampa,42070,Guatraché,1,kmeans,3,0.369519
929.0,213.0,10.0,0.15072632,17,0.29601722,0.11657754,0.41774906,0.0,C,42,La Pampa,42077,Hucal,1,kmeans,3,0.369519
25.0,12.0,0.0,0.6576,4,0.8,0.0,0.69583333,0.0,A,42,La Pampa,42084,Lihuel Calel,2,kmeans,3,0.369519
60.0,26.0,1.0,0.13055556,13,0.21666667,0.01282051,0.60078895,0.0,C,42,La Pampa,42091,Limay Mahuida,1,kmeans,3,0.369519
544.0,179.0,3.0,0.20817339,17,0.32536765,0.03020668,0.57087117,0.0,A,42,La Pampa,42098,Loventué,1,kmeans,3,0.369519
9466.0,2088.0,85.0,0.16039202,18,0.30033805,0.02545361,0.33764925,0.0,G,42,La Pampa,42105,Maracó,1,kmeans,3,0.369519
1500.0,194.0,11.0,0.214624,17,0.37533333,0.04415505,0.38763703,0.0,F,42,La Pampa,42112,Puelén,1,kmeans,3,0.369519
1041.0,309.0,9.0,0.19371844,18,0.33909702,0.06491187,0.62477048,0.0,A,42,La Pampa,42119,Quemú Quemú,1,kmeans,3,0.369519
674.0,261.0,7.0,0.26983596,17,0.47922849,0.03818131,0.55641458,0.0,A,42,La Pampa,42126,Rancul,1,kmeans,3,0.369519
1833.0,557.0,18.0,0.19748718,18,0.37370431,0.08568068,0.42681891,0.0,G,42,La Pampa,42133,Realicó,1,kmeans,3,0.369519
881.0,255.0,5.0,0.13773045,18,0.23155505,0.01548416,0.39997428,0.0,F,42,La Pampa,42140,Toay,1,kmeans,3,0.369519
499.0,138.0,6.0,0.25297489,11,0.39679359,0.07575758,0.56216837,0.0,C,42,La Pampa,42147,Trenel,2,kmeans,3,0.369519
1258.0,375.0,8.0,0.13932707,19,0.2782194,0.04868421,0.40217629,0.0,G,42,La Pampa,42154,Utracán,1,kmeans,3,0.369519
1329.0,211.0,21.0,0.23261775,16,0.40406321,0.0647619,0.36659611,0.0,A,46,La Rioja,46007,Arauco,1,kmeans,3,0.369519
23229.0,2909.0,146.0,0.13949832,19,0.27203065,0.06792424,0.18288076,0.0,C,46,La Rioja,46014,Capital,1,kmeans,3,0.369519
278.0,39.0,12.0,0.54870348,6,0.72302158,0.23888889,0.43127604,0.0,C,46,La Rioja,46021,Castro Barros,2,kmeans,3,0.369519
258.0,88.0,4.0,0.24433628,9,0.3875969,0.08888889,0.47367377,0.0,G,46,La Rioja,46028,General Felipe Varela,2,kmeans,3,0.369519
585.0,142.0,4.0,0.19213968,18,0.37606838,0.03657407,0.40837958,0.0,G,46,La Rioja,46035,Chamical,1,kmeans,3,0.369519
5721.0,727.0,56.0,0.25460848,18,0.37283692,0.05685889,0.2874315,0.0,A,46,La Rioja,46042,Chilecito,1,kmeans,3,0.369519
228.0,27.0,0.0,0.50827178,9,0.68859649,0.0,0.5793566,0.0,C,46,La Rioja,46049,Famatina,2,kmeans,3,0.369519
1.0,1.0,0.0,1.0,1,1.0,0.0,1.0,0.0,A,46,La Rioja,46056,Ángel Vicente Peñaloza,2,kmeans,3,0.369519
169.0,54.0,1.0,0.24260355,14,0.42011834,0.07142857,0.55070776,0.0,G,46,La Rioja,46063,General Belgrano,2,kmeans,3,0.369519
1.0,1.0,0.0,1.0,1,1.0,0.0,1.0,0.0,A,46,La Rioja,46070,General Juan Facundo Quiroga,2,kmeans,3,0.369519
11.0,5.0,1.0,0.45454546,4,0.63636364,0.25,0.69642857,0.0,A,46,La Rioja,46077,General Lamadrid,2,kmeans,3,0.369519
56.0,20.0,1.0,0.23596938,7,0.33928571,0.14285714,0.48987241,0.0,F,46,La Rioja,46084,General Ortiz de Ocampo,2,kmeans,3,0.369519
26.0,19.0,0.0,0.26331361,8,0.46153846,0.0,0.75,0.0,G,46,La Rioja,46091,General San Martín,2,kmeans,3,0.369519
216.0,21.0,3.0,0.40513546,8,0.58796296,0.09375,0.44187015,0.0,F,46,La Rioja,46098,Vinchina,2,kmeans,3,0.369519
41.0,8.0,1.0,0.35752529,4,0.48780488,0.25,0.4125,0.0,F,46,La Rioja,46105,Independencia,2,kmeans,3,0.369519
337.0,91.0,4.0,0.21540209,14,0.41543027,0.05952381,0.42708496,0.0,G,46,La Rioja,46112,Rosario Vera Peñaloza,1,kmeans,3,0.369519
84.0,18.0,2.0,0.42035148,7,0.61904762,0.07142857,0.57448107,0.0,P,46,La Rioja,46119,San Blas de Los Sauces,2,kmeans,3,0.369519
43.0,10.0,0.0,0.54137371,5,0.72093023,0.0,0.46935484,0.0,C,46,La Rioja,46126,Sanagasta,2,kmeans,3,0.369519
56967.0,8979.0,376.0,0.08527136,21,0.15666965,0.04586751,0.21568997,0.0,G,50,Mendoza,50007,Capital,3,kmeans,3,0.369519
3610.0,908.0,43.0,0.13680604,19,0.23961219,0.04761794,0.36627891,0.0,C,50,Mendoza,50014,General Alvear,1,kmeans,3,0.369519
31522.0,4068.0,224.0,0.10843634,19,0.19424529,0.04254149,0.163081,0.0,G,50,Mendoza,50021,Godoy Cruz,1,kmeans,3,0.369519
34524.0,5098.0,347.0,0.12078759,19,0.21263469,0.04610209,0.18668324,0.0,G,50,Mendoza,50028,Guaymallén,1,kmeans,3,0.369519
2435.0,652.0,44.0,0.20249442,17,0.36098563,0.08509025,0.37835717,0.0,A,50,Mendoza,50035,Junín,1,kmeans,3,0.369519
324.0,70.0,8.0,0.19581619,10,0.34876543,0.12857143,0.29128255,0.0,F,50,Mendoza,50042,La Paz,1,kmeans,3,0.369519
14106.0,1874.0,99.0,0.20478933,19,0.38522614,0.03651043,0.2625913,0.0,G,50,Mendoza,50049,Las Heras,1,kmeans,3,0.369519
2230.0,433.0,30.0,0.33992841,13,0.4896861,0.12282268,0.46017692,0.0,G,50,Mendoza,50056,Lavalle,2,kmeans,3,0.369519
26148.0,3148.0,434.0,0.14256821,19,0.28793789,0.08405841,0.20008248,0.0,C,50,Mendoza,50063,Luján de Cuyo,1,kmeans,3,0.369519
24496.0,3266.0,374.0,0.15073401,20,0.29837524,0.08266658,0.22111204,0.0,C,50,Mendoza,50070,Maipú,1,kmeans,3,0.369519
3502.0,584.0,41.0,0.12476839,19,0.22615648,0.05899792,0.28041207,0.0,B,50,Mendoza,50077,Malargüe,1,kmeans,3,0.369519
4870.0,1198.0,82.0,0.1763233,19,0.30595483,0.03613976,0.26250337,0.0,A,50,Mendoza,50084,Rivadavia,1,kmeans,3,0.369519
3291.0,645.0,112.0,0.23263643,18,0.3676694,0.08302087,0.34748875,0.0,A,50,Mendoza,50091,San Carlos,1,kmeans,3,0.369519
10990.0,2478.0,143.0,0.16370955,19,0.23393995,0.05512041,0.34548454,0.0,G,50,Mendoza,50098,San Martín,1,kmeans,3,0.369519
19232.0,3966.0,198.0,0.13860615,19,0.27443844,0.04668732,0.24967594,0.0,C,50,Mendoza,50105,San Rafael,1,kmeans,3,0.369519
1933.0,351.0,43.0,0.24879854,12,0.33212623,0.04621534,0.34879546,0.0,C,50,Mendoza,50112,Santa Rosa,1,kmeans,3,0.369519
7313.0,1048.0,137.0,0.19146325,18,0.27717763,0.05423681,0.33200524,0.0,C,50,Mendoza,50119,Tunuyán,1,kmeans,3,0.369519
4709.0,814.0,131.0,0.31396813,18,0.50265449,0.07596672,0.33489888,0.0,A,50,Mendoza,50126,Tupungato,1,kmeans,3,0.369519
4734.0,642.0,27.0,0.26208397,17,0.45289396,0.01830502,0.28530713,0.0,C,54,Misiones,54007,Apóstoles,1,kmeans,3,0.369519
6188.0,1135.0,45.0,0.17785195,17,0.26777634,0.02808192,0.29617771,0.0,C,54,Misiones,54014,Cainguás,1,kmeans,3,0.369519
1100.0,156.0,18.0,0.21262314,18,0.36909091,0.05107855,0.4248057,0.0,C,54,Misiones,54021,Candelaria,1,kmeans,3,0.369519
45672.0,5852.0,187.0,0.1077889,19,0.21536171,0.02948571,0.15212319,0.0,G,54,Misiones,54028,Capital,1,kmeans,3,0.369519
657.0,172.0,2.0,0.41095196,11,0.61035008,0.01136364,0.46147472,0.0,A,54,Misiones,54035,Concepción,2,kmeans,3,0.369519
7226.0,1052.0,44.0,0.16810907,19,0.28591198,0.02315538,0.24567708,0.0,C,54,Misiones,54042,Eldorado,1,kmeans,3,0.369519
2002.0,443.0,15.0,0.24793788,15,0.42757243,0.03643579,0.38378499,0.0,A,54,Misiones,54049,General Manuel Belgrano,1,kmeans,3,0.369519
3218.0,638.0,21.0,0.17745311,17,0.31075202,0.01874506,0.30596344,0.0,G,54,Misiones,54056,Guaraní,1,kmeans,3,0.369519
10700.0,1333.0,38.0,0.14564451,19,0.25682243,0.02329886,0.18552432,0.0,I,54,Misiones,54063,Iguazú,1,kmeans,3,0.369519
5171.0,743.0,30.0,0.22026994,17,0.40127635,0.01576538,0.26230246,0.0,C,54,Misiones,54070,Leandro N. Alem,1,kmeans,3,0.369519
3951.0,611.0,32.0,0.18660526,18,0.34624146,0.01882621,0.26428013,0.0,C,54,Misiones,54077,Libertador General San Martín,1,kmeans,3,0.369519
3776.0,486.0,29.0,0.21646696,18,0.40174788,0.04199654,0.26899539,0.0,C,54,Misiones,54084,Montecarlo,1,kmeans,3,0.369519
11213.0,1955.0,90.0,0.1771537,19,0.29804691,0.0194303,0.2582162,0.0,C,54,Misiones,54091,Oberá,1,kmeans,3,0.369519
3799.0,620.0,19.0,0.16491275,18,0.27375625,0.02735339,0.27033094,0.0,A,54,Misiones,54098,San Ignacio,1,kmeans,3,0.369519
712.0,163.0,7.0,0.16937966,16,0.2752809,0.01826697,0.43085043,0.0,H,54,Misiones,54105,San Javier,1,kmeans,3,0.369519
153.0,35.0,0.0,0.26156607,9,0.4379085,0.0,0.53227128,0.0,F,54,Misiones,54112,San Pedro,2,kmeans,3,0.369519
833.0,179.0,1.0,0.18555273,16,0.34693878,0.00240385,0.44611502,0.0,C,54,Misiones,54119,25 de Mayo,1,kmeans,3,0.369519
356.0,145.0,11.0,0.21637104,15,0.40168539,0.06573798,0.59152673,0.0,G,58,Neuquen,58007,Aluminé,1,kmeans,3,0.369519
7025.0,421.0,37.0,0.21225954,19,0.37708185,0.05153499,0.30049633,0.0,F,58,Neuquen,58014,Añelo,1,kmeans,3,0.369519
54.0,19.0,0.0,0.9286694,2,0.96296296,0.0,0.42307692,0.0,A,58,Neuquen,58021,Catán Lil,2,kmeans,3,0.369519
565.0,82.0,9.0,0.14075652,15,0.22654867,0.14555556,0.38823284,0.0,A,58,Neuquen,58028,Collón Curá,1,kmeans,3,0.369519
97812.0,11851.0,555.0,0.1056377,20,0.19506809,0.06285008,0.15644547,0.0,B,58,Neuquen,58035,Confluencia,3,kmeans,3,0.369519
1008.0,282.0,5.0,0.18579145,17,0.3640873,0.05644682,0.41395603,0.0,G,58,Neuquen,58042,Chos Malal,1,kmeans,3,0.369519
1255.0,304.0,9.0,0.17971715,17,0.3187251,0.02318533,0.50359876,0.0,G,58,Neuquen,58049,Huiliches,1,kmeans,3,0.369519
6464.0,1476.0,37.0,0.13912474,19,0.25216584,0.03567849,0.22603221,0.0,G,58,Neuquen,58056,Lácar,1,kmeans,3,0.369519
293.0,101.0,4.0,0.21634498,12,0.32764505,0.08333333,0.47531543,0.0,G,58,Neuquen,58063,Loncopué,1,kmeans,3,0.369519
2824.0,730.0,9.0,0.16891637,19,0.3101983,0.01331273,0.38467206,0.0,I,58,Neuquen,58070,Los Lagos,1,kmeans,3,0.369519
116.0,37.0,3.0,0.23736623,12,0.42241379,0.11666667,0.6055598,0.0,F,58,Neuquen,58077,Minas,2,kmeans,3,0.369519
133.0,19.0,1.0,0.67052972,6,0.81203008,0.16666667,0.65200417,0.0,R,58,Neuquen,58084,Ñorquín,2,kmeans,3,0.369519
5799.0,584.0,54.0,0.26067278,17,0.46783928,0.0503982,0.285721,0.0,B,58,Neuquen,58091,Pehuenches,1,kmeans,3,0.369519
109.0,36.0,1.0,0.19316556,9,0.26605505,0.02777778,0.48417057,0.0,G,58,Neuquen,58098,Picún Leufú,1,kmeans,3,0.369519
221.0,78.0,0.0,0.29170165,15,0.49773756,0.0,0.58269231,0.0,G,58,Neuquen,58105,Picunches,2,kmeans,3,0.369519
2803.0,616.0,34.0,0.18741362,19,0.38173386,0.05946276,0.34633754,0.0,G,58,Neuquen,58112,Zapala,1,kmeans,3,0.369519
7515.0,1423.0,41.0,0.10028548,19,0.21836327,0.02626945,0.21150537,0.0,G,62,Rio Negro,62007,Adolfo Alsina,1,kmeans,3,0.369519
4332.0,759.0,44.0,0.25416376,18,0.43559557,0.07626888,0.25770772,0.0,A,62,Rio Negro,62014,Avellaneda,1,kmeans,3,0.369519
30946.0,5229.0,148.0,0.12921699,20,0.21573063,0.09192287,0.23376969,0.0,I,62,Rio Negro,62021,Bariloche,1,kmeans,3,0.369519
433.0,160.0,5.0,0.14177365,16,0.26327945,0.07657722,0.47653763,0.0,A,62,Rio Negro,62028,Conesa,1,kmeans,3,0.369519
562.0,53.0,6.0,0.64847837,10,0.79181495,0.0637931,0.51515883,0.0,A,62,Rio Negro,62035,El Cuy,2,kmeans,3,0.369519
65459.0,8825.0,545.0,0.13904742,21,0.23173284,0.04911351,0.24702195,0.0,A,62,Rio Negro,62042,General Roca,3,kmeans,3,0.369519
54.0,20.0,2.0,0.22222222,8,0.38888889,0.10416667,0.61607143,0.0,F,62,Rio Negro,62049,9 de Julio,2,kmeans,3,0.369519
28.0,10.0,1.0,0.26785714,6,0.42857143,0.16666667,0.54166667,0.0,E,62,Rio Negro,62056,Ñorquinco,2,kmeans,3,0.369519
1250.0,362.0,12.0,0.14617856,18,0.2864,0.06055128,0.37250216,0.0,G,62,Rio Negro,62063,Pichi Mahuida,1,kmeans,3,0.369519
336.0,124.0,0.0,0.16820791,16,0.30357143,0.0,0.60871551,0.0,G,62,Rio Negro,62070,Pilcaniyeu,1,kmeans,3,0.369519
3315.0,769.0,31.0,0.12970878,19,0.21900452,0.04950982,0.31532339,0.0,G,62,Rio Negro,62077,San Antonio,1,kmeans,3,0.369519
312.0,56.0,1.0,0.28737261,13,0.49679487,0.01923077,0.52010059,0.0,B,62,Rio Negro,62084,Valcheta,2,kmeans,3,0.369519
830.0,186.0,14.0,0.12376252,18,0.21686747,0.06044974,0.38239413,0.0,B,62,Rio Negro,62091,25 de Mayo,1,kmeans,3,0.369519
4640.0,683.0,39.0,0.43278965,18,0.64051724,0.05543865,0.29509289,158253.6,A,66,Salta,66007,Anta,2,kmeans,3,0.369519
211.0,61.0,3.0,0.21466274,13,0.30805687,0.03296703,0.59894691,185978.9,C,66,Salta,66014,Cachi,1,kmeans,3,0.369519
2210.0,328.0,38.0,0.25263487,18,0.45701357,0.06565256,0.33688111,183683.63,C,66,Salta,66021,Cafayate,1,kmeans,3,0.369519
73795.0,9937.0,382.0,0.10130538,20,0.20542042,0.05228148,0.18049621,163862.53,G,66,Salta,66028,Capital,3,kmeans,3,0.369519
2575.0,479.0,10.0,0.34899681,16,0.56504854,0.08465233,0.31804553,152278.44,A,66,Salta,66035,Cerrillos,2,kmeans,3,0.369519
2185.0,465.0,8.0,0.56259455,16,0.74279176,0.08214286,0.39339491,177935.47,A,66,Salta,66042,Chicoana,2,kmeans,3,0.369519
2952.0,590.0,19.0,0.17459386,17,0.32926829,0.04731076,0.26213338,172201.66,A,66,Salta,66049,General Güemes,1,kmeans,3,0.369519
9526.0,1483.0,68.0,0.12256375,19,0.18769683,0.05681282,0.22756376,162831.88,G,66,Salta,66056,General José de San Martín,1,kmeans,3,0.369519
229.0,52.0,0.0,0.56739956,8,0.73799127,0.0,0.48564901,140462.55,A,66,Salta,66063,Guachipas,2,kmeans,3,0.369519
4.0,3.0,0.0,0.5,2,0.5,0.0,0.75,0.0,D,66,Salta,66070,Iruya,2,kmeans,3,0.369519
268.0,47.0,1.0,0.2258855,10,0.30970149,0.03333333,0.4604103,140462.55,F,66,Salta,66077,La Caldera,1,kmeans,3,0.369519
166.0,84.0,3.0,0.58368414,10,0.75301205,0.14,0.68777293,148165.32,A,66,Salta,66084,La Candelaria,2,kmeans,3,0.369519
31.0,11.0,0.0,0.45681581,5,0.64516129,0.0,0.56333333,0.0,I,66,Salta,66091,La Poma,2,kmeans,3,0.369519
214.0,87.0,3.0,0.29081142,13,0.5,0.15384615,0.55577361,140462.55,A,66,Salta,66098,La Viña,2,kmeans,3,0.369519
2130.0,151.0,18.0,0.45010778,12,0.64366197,0.15473986,0.27719153,142696.59,B,66,Salta,66105,Los Andes,2,kmeans,3,0.369519
3987.0,520.0,35.0,0.24567297,19,0.43340858,0.04936728,0.27559433,154739.36,A,66,Salta,66112,Metán,1,kmeans,3,0.369519
640.0,47.0,12.0,0.33220215,11,0.50625,0.19794372,0.37616903,147582.08,F,66,Salta,66119,Molinos,2,kmeans,3,0.369519
8657.0,1104.0,77.0,0.18911923,19,0.30911401,0.06649556,0.20029746,179202.12,A,66,Salta,66126,Orán,1,kmeans,3,0.369519
327.0,86.0,0.0,0.31148706,10,0.51681957,0.0,0.45476119,140462.55,A,66,Salta,66133,Rivadavia,2,kmeans,3,0.369519
2055.0,407.0,34.0,0.19772154,18,0.3270073,0.07574871,0.31995408,154002.57,A,66,Salta,66140,Rosario de la Frontera,1,kmeans,3,0.369519
3086.0,615.0,19.0,0.22519656,18,0.42709008,0.07758444,0.26988729,175049.15,A,66,Salta,66147,Rosario de Lerma,1,kmeans,3,0.369519
50.0,17.0,0.0,0.3096,5,0.48,0.0,0.39880952,186679.15,A,66,Salta,66154,San Carlos,2,kmeans,3,0.369519
6.0,4.0,0.0,0.38888889,3,0.5,0.0,0.72222222,0.0,G,66,Salta,66161,Santa Victoria,2,kmeans,3,0.369519
1978.0,224.0,18.0,0.28481905,16,0.49292214,0.06162033,0.36090484,0.0,C,70,San Juan,70007,Albardón,1,kmeans,3,0.369519
257.0,55.0,5.0,0.33512998,11,0.54085603,0.09090909,0.49926469,0.0,P,70,San Juan,70014,Angaco,2,kmeans,3,0.369519
800.0,163.0,13.0,0.1419,16,0.2625,0.04784866,0.38696304,0.0,P,70,San Juan,70021,Calingasta,1,kmeans,3,0.369519
40491.0,6157.0,199.0,0.10366629,19,0.20115581,0.03296529,0.18253486,0.0,G,70,San Juan,70028,Capital,1,kmeans,3,0.369519
2113.0,480.0,33.0,0.15055583,17,0.21249408,0.05075808,0.31872109,0.0,C,70,San Juan,70035,Caucete,1,kmeans,3,0.369519
5892.0,616.0,53.0,0.16545614,17,0.27189409,0.07171016,0.25319903,0.0,F,70,San Juan,70042,Chimbas,1,kmeans,3,0.369519
4422.0,196.0,21.0,0.25042973,17,0.40569878,0.13639691,0.17560668,0.0,B,70,San Juan,70049,Iglesia,1,kmeans,3,0.369519
1788.0,238.0,22.0,0.20301951,16,0.40436242,0.11348825,0.23950194,0.0,B,70,San Juan,70056,Jáchal,1,kmeans,3,0.369519
878.0,103.0,21.0,0.54842232,10,0.70728929,0.11044776,0.48625457,0.0,C,70,San Juan,70063,9 de Julio,2,kmeans,3,0.369519
5075.0,606.0,57.0,0.34230872,16,0.55073892,0.07157433,0.34339774,0.0,C,70,San Juan,70070,Pocito,2,kmeans,3,0.369519
8619.0,1062.0,60.0,0.14056438,18,0.22786866,0.03294212,0.24122071,0.0,F,70,San Juan,70077,Rawson,1,kmeans,3,0.369519
5423.0,640.0,21.0,0.16308349,17,0.31421722,0.02274687,0.29588878,0.0,P,70,San Juan,70084,Rivadavia,1,kmeans,3,0.369519
966.0,101.0,18.0,0.6201814,11,0.77743271,0.2369556,0.47962219,0.0,C,70,San Juan,70091,San Martín,2,kmeans,3,0.369519
3929.0,707.0,48.0,0.1725602,18,0.29473148,0.05038983,0.27317117,0.0,C,70,San Juan,70098,Santa Lucía,1,kmeans,3,0.369519
2115.0,331.0,50.0,0.27610035,16,0.40661939,0.05505348,0.35007025,0.0,C,70,San Juan,70105,Sarmiento,1,kmeans,3,0.369519
13.0,5.0,0.0,0.23076923,5,0.30769231,0.0,0.48333333,0.0,B,70,San Juan,70112,Ullum,2,kmeans,3,0.369519
158.0,52.0,2.0,0.14556962,11,0.20253165,0.03030303,0.50107086,0.0,G,70,San Juan,70119,Valle Fértil,1,kmeans,3,0.369519
992.0,182.0,19.0,0.35270064,14,0.55846774,0.08855723,0.45251024,0.0,A,70,San Juan,70126,25 de Mayo,2,kmeans,3,0.369519
915.0,11.0,2.0,0.92138314,4,0.95956284,0.1,0.16933698,0.0,F,70,San Juan,70133,Zonda,2,kmeans,3,0.369519
759.0,165.0,12.0,0.2180301,17,0.33201581,0.15441176,0.40202984,0.0,A,74,San Luis,74007,Ayacucho,1,kmeans,3,0.369519
260.0,25.0,4.0,0.43139053,9,0.6,0.09876543,0.55938754,0.0,C,74,San Luis,74014,Belgrano,2,kmeans,3,0.369519
1858.0,263.0,15.0,0.1873254,17,0.29655544,0.08045014,0.33310742,0.0,C,74,San Luis,74021,Coronel Pringles,1,kmeans,3,0.369519
2470.0,341.0,41.0,0.36013211,18,0.54979757,0.09664177,0.34877728,0.0,C,74,San Luis,74028,Chacabuco,2,kmeans,3,0.369519
17591.0,2461.0,145.0,0.22443024,19,0.42402365,0.06678437,0.22562269,0.0,C,74,San Luis,74035,General Pedernera,1,kmeans,3,0.369519
1149.0,274.0,18.0,0.2337591,16,0.38903394,0.10526446,0.35677943,0.0,A,74,San Luis,74042,Gobernador Dupuy,1,kmeans,3,0.369519
3062.0,702.0,24.0,0.14506171,19,0.2357936,0.0478845,0.3253597,0.0,G,74,San Luis,74049,Junín,1,kmeans,3,0.369519
29928.0,4352.0,226.0,0.13608363,19,0.25193798,0.05171274,0.20960792,0.0,C,74,San Luis,74056,Juan Martín de Pueyrredón,1,kmeans,3,0.369519
92.0,29.0,0.0,0.21384688,10,0.38043478,0.0,0.4452381,0.0,C,74,San Luis,74063,Libertador General San Martín,1,kmeans,3,0.369519
2573.0,208.0,13.0,0.51217409,18,0.70540225,0.07492645,0.44261304,0.0,F,78,Santa Cruz,78007,Corpen Aike,2,kmeans,3,0.369519
23206.0,2329.0,164.0,0.15335348,19,0.3112988,0.06212036,0.2106114,0.0,B,78,Santa Cruz,78014,Deseado,1,kmeans,3,0.369519
18702.0,2689.0,123.0,0.11067317,20,0.2163405,0.05329684,0.20451151,0.0,G,78,Santa Cruz,78021,Güer Aike,1,kmeans,3,0.369519
6046.0,1028.0,22.0,0.18030292,16,0.31971551,0.02209042,0.25376439,0.0,I,78,Santa Cruz,78028,Lago Argentino,1,kmeans,3,0.369519
4764.0,338.0,30.0,0.43291072,16,0.64147775,0.07194738,0.28473442,0.0,B,78,Santa Cruz,78035,Lago Buenos Aires,2,kmeans,3,0.369519
4366.0,286.0,33.0,0.3707843,18,0.59001374,0.08722417,0.3102481,0.0,B,78,Santa Cruz,78042,Magallanes,2,kmeans,3,0.369519
352.0,121.0,6.0,0.15256973,14,0.28409091,0.03399632,0.48518818,0.0,G,78,Santa Cruz,78049,Río Chico,1,kmeans,3,0.369519
8299.0,1572.0,115.0,0.36175805,18,0.57488854,0.02473973,0.31676982,297254.91,C,82,Santa Fe,82007,Belgrano,1,kmeans,3,0.369519
11988.0,2593.0,92.0,0.16863634,18,0.28353353,0.02208467,0.27887239,297254.91,C,82,Santa Fe,82014,Caseros,1,kmeans,3,0.369519
36706.0,5206.0,252.0,0.17370054,18,0.34144282,0.02879081,0.22051255,297254.91,C,82,Santa Fe,82021,Castellanos,1,kmeans,3,0.369519
12861.0,1944.0,76.0,0.21952466,19,0.41388695,0.02247156,0.27499284,297254.91,C,82,Santa Fe,82028,Constitución,1,kmeans,3,0.369519
1319.0,340.0,9.0,0.14566081,18,0.22971948,0.01320368,0.41273676,297254.91,G,82,Santa Fe,82035,Garay,1,kmeans,3,0.369519
30479.0,6491.0,296.0,0.16258281,21,0.2520752,0.05251303,0.33432836,297254.91,C,82,Santa Fe,82042,General López,1,kmeans,3,0.369519
19466.0,3310.0,123.0,0.19199494,19,0.33684373,0.03030871,0.27708429,297254.91,C,82,Santa Fe,82049,General Obligado,1,kmeans,3,0.369519
9356.0,1997.0,103.0,0.1668677,19,0.28869175,0.08091949,0.27923802,297254.91,C,82,Santa Fe,82056,Iriondo,1,kmeans,3,0.369519
72244.0,10163.0,349.0,0.10783188,19,0.20810033,0.0399211,0.16403611,297254.91,G,82,Santa Fe,82063,La Capital,3,kmeans,3,0.369519
17866.0,3343.0,158.0,0.23866051,19,0.43540804,0.02000651,0.32473109,297254.91,C,82,Santa Fe,82070,Las Colonias,1,kmeans,3,0.369519
2181.0,600.0,32.0,0.19967348,16,0.3388354,0.04291664,0.34351361,0.0,A,82,Santa Fe,82077,9 de Julio,1,kmeans,3,0.369519
251188.0,34253.0,1435.0,0.11594363,21,0.21891571,0.04504983,0.21226301,297254.91,C,82,Santa Fe,82084,Rosario,3,kmeans,3,0.369519
5719.0,1749.0,32.0,0.18564901,17,0.29603077,0.02836528,0.35857964,0.0,G,82,Santa Fe,82091,San Cristóbal,1,kmeans,3,0.369519
1965.0,476.0,13.0,0.16666809,18,0.22849873,0.03215062,0.40662549,297254.91,P,82,Santa Fe,82098,San Javier,1,kmeans,3,0.369519
9241.0,1987.0,79.0,0.1728408,18,0.30332215,0.02311591,0.31143328,297254.91,C,82,Santa Fe,82105,San Jerónimo,1,kmeans,3,0.369519
4160.0,1003.0,28.0,0.18644288,17,0.35216346,0.03792493,0.34028974,297254.91,G,82,Santa Fe,82112,San Justo,1,kmeans,3,0.369519
36761.0,4360.0,253.0,0.20236879,19,0.38733984,0.06285153,0.22697046,297254.91,C,82,Santa Fe,82119,San Lorenzo,1,kmeans,3,0.369519
8523.0,1942.0,78.0,0.1903294,18,0.30634753,0.02098299,0.3246574,297254.91,C,82,Santa Fe,82126,San Martín,1,kmeans,3,0.369519
3036.0,789.0,17.0,0.15954376,18,0.23155468,0.01909295,0.40471283,297254.91,P,82,Santa Fe,82133,Vera,1,kmeans,3,0.369519
179.0,64.0,3.0,0.17511938,11,0.24581006,0.0530303,0.5111539,0.0,A,86,Santiago Del Estero,86007,Aguirre,1,kmeans,3,0.369519
544.0,124.0,8.0,0.35871946,13,0.56433824,0.09671615,0.57623226,0.0,A,86,Santiago Del Estero,86014,Alberdi,2,kmeans,3,0.369519
58.0,8.0,0.0,0.59571938,5,0.75862069,0.0,0.42813853,0.0,P,86,Santiago Del Estero,86021,Atamisqui,2,kmeans,3,0.369519
324.0,67.0,3.0,0.29789666,13,0.48765432,0.03205128,0.54842591,0.0,G,86,Santiago Del Estero,86028,Avellaneda,2,kmeans,3,0.369519
9440.0,1296.0,32.0,0.19619016,19,0.27616525,0.03185003,0.24904548,0.0,C,86,Santiago Del Estero,86035,Banda,1,kmeans,3,0.369519
1058.0,340.0,23.0,0.25087996,15,0.39981096,0.04967723,0.49616241,0.0,A,86,Santiago Del Estero,86042,Belgrano,1,kmeans,3,0.369519
32676.0,4757.0,120.0,0.13428487,19,0.23788101,0.05931351,0.16506631,0.0,G,86,Santiago Del Estero,86049,Capital,1,kmeans,3,0.369519
730.0,182.0,3.0,0.17381497,15,0.27945205,0.00939153,0.42948777,0.0,P,86,Santiago Del Estero,86056,Copo,1,kmeans,3,0.369519
1551.0,350.0,7.0,0.18356452,18,0.32366215,0.02763703,0.36864791,0.0,G,86,Santiago Del Estero,86063,Choya,1,kmeans,3,0.369519
92.0,35.0,0.0,0.19494329,8,0.30434783,0.0,0.49428057,0.0,A,86,Santiago Del Estero,86070,Figueroa,1,kmeans,3,0.369519
992.0,291.0,3.0,0.18891251,17,0.32157258,0.01149934,0.37064473,0.0,G,86,Santiago Del Estero,86077,General Taboada,1,kmeans,3,0.369519
116.0,19.0,2.0,0.39670036,7,0.5862069,0.06428571,0.48113063,0.0,B,86,Santiago Del Estero,86084,Guasayán,2,kmeans,3,0.369519
189.0,64.0,4.0,0.46199714,8,0.66137566,0.04821833,0.51316667,0.0,A,86,Santiago Del Estero,86091,Jiménez,2,kmeans,3,0.369519
130.0,50.0,2.0,0.36035503,12,0.56153846,0.00980392,0.60067623,0.0,A,86,Santiago Del Estero,86098,Juan Felipe Ibarra,2,kmeans,3,0.369519
413.0,101.0,3.0,0.19885794,14,0.31234867,0.01948052,0.47137324,0.0,G,86,Santiago Del Estero,86105,Loreto,1,kmeans,3,0.369519
10.0,6.0,0.0,0.54,3,0.7,0.0,0.69047619,0.0,A,86,Santiago Del Estero,86112,Mitre,2,kmeans,3,0.369519
1838.0,409.0,21.0,0.21607676,15,0.38193689,0.04915456,0.35203385,0.0,A,86,Santiago Del Estero,86119,Moreno,1,kmeans,3,0.369519
285.0,91.0,5.0,0.27647891,11,0.47719298,0.03748006,0.51349025,0.0,G,86,Santiago Del Estero,86126,Ojo de Agua,2,kmeans,3,0.369519
314.0,96.0,3.0,0.33630167,12,0.46178344,0.03055555,0.59242681,0.0,G,86,Santiago Del Estero,86133,Pellegrini,2,kmeans,3,0.369519
178.0,69.0,3.0,0.26941043,13,0.47191011,0.03479854,0.5967033,0.0,G,86,Santiago Del Estero,86140,Quebrachos,2,kmeans,3,0.369519
2366.0,525.0,1.0,0.19109296,19,0.34446323,0.00219298,0.32445971,0.0,I,86,Santiago Del Estero,86147,Río Hondo,1,kmeans,3,0.369519
452.0,126.0,2.0,0.24075887,13,0.40044248,0.004662,0.41415691,0.0,G,86,Santiago Del Estero,86154,Rivadavia,1,kmeans,3,0.369519
1295.0,298.0,14.0,0.26058944,16,0.44015444,0.03403017,0.53349365,0.0,C,86,Santiago Del Estero,86161,Robles,1,kmeans,3,0.369519
101.0,30.0,0.0,0.2751691,8,0.43564356,0.0,0.47127525,0.0,F,86,Santiago Del Estero,86168,Salavina,2,kmeans,3,0.369519
117.0,17.0,1.0,0.21236029,7,0.30769231,0.14285714,0.30023707,0.0,P,86,Santiago Del Estero,86175,San Martín,2,kmeans,3,0.369519
244.0,32.0,2.0,0.2231255,7,0.31147541,0.14285714,0.24517619,0.0,C,86,Santiago Del Estero,86182,Sarmiento,2,kmeans,3,0.369519
252.0,32.0,1.0,0.39244772,11,0.6031746,0.03030303,0.39837283,0.0,F,86,Santiago Del Estero,86189,Silípica,2,kmeans,3,0.369519
965.0,200.0,11.0,0.29796559,14,0.47875648,0.10837469,0.31831206,0.0,A,90,Tucuman,90007,Burruyacú,2,kmeans,3,0.369519
17802.0,1328.0,81.0,0.21040689,19,0.37709246,0.07759665,0.20324658,0.0,C,90,Tucuman,90014,Cruz Alta,1,kmeans,3,0.369519
6563.0,923.0,19.0,0.18494242,18,0.28813043,0.03467491,0.28350026,0.0,C,90,Tucuman,90021,Chicligasta,1,kmeans,3,0.369519
4191.0,344.0,28.0,0.27269312,16,0.43307087,0.06086061,0.28093223,0.0,C,90,Tucuman,90028,Famaillá,1,kmeans,3,0.369519
247.0,49.0,1.0,0.27243521,9,0.42510121,0.02777778,0.36131818,0.0,A,90,Tucuman,90035,Graneros,2,kmeans,3,0.369519
1853.0,325.0,12.0,0.29711217,16,0.47814355,0.03989982,0.39349749,0.0,A,90,Tucuman,90042,Juan Bautista Alberdi,1,kmeans,3,0.369519
784.0,127.0,14.0,0.34129659,12,0.45408163,0.09756843,0.36019163,0.0,A,90,Tucuman,90049,La Cocha,2,kmeans,3,0.369519
2867.0,216.0,15.0,0.25902476,16,0.38995466,0.0419799,0.36842582,0.0,C,90,Tucuman,90056,Leales,1,kmeans,3,0.369519
6598.0,454.0,59.0,0.25870507,17,0.40436496,0.08736344,0.27231048,0.0,A,90,Tucuman,90063,Lules,1,kmeans,3,0.369519
5445.0,569.0,36.0,0.28849095,16,0.45950413,0.04866319,0.28706035,0.0,C,90,Tucuman,90070,Monteros,1,kmeans,3,0.369519
2727.0,346.0,6.0,0.35964695,16,0.55628896,0.03659457,0.38523072,0.0,C,90,Tucuman,90077,Río Chico,2,kmeans,3,0.369519
102602.0,11622.0,305.0,0.11181101,19,0.1903959,0.05557015,0.15748131,0.0,G,90,Tucuman,90084,Capital,3,kmeans,3,0.369519
1009.0,167.0,3.0,0.41213125,16,0.62041625,0.0091712,0.4299347,0.0,A,90,Tucuman,90091,Simoca,2,kmeans,3,0.369519
629.0,171.0,1.0,0.16188161,16,0.27503975,0.02083333,0.39762799,0.0,A,90,Tucuman,90098,Tafí del Valle,1,kmeans,3,0.369519
9299.0,947.0,68.0,0.18227331,18,0.28099796,0.05147759,0.2547096,0.0,A,90,Tucuman,90105,Tafí Viejo,1,kmeans,3,0.369519
828.0,162.0,5.0,0.23120143,18,0.42149758,0.01080247,0.40546021,0.0,A,90,Tucuman,90112,Trancas,1,kmeans,3,0.369519
14454.0,1852.0,101.0,0.16283429,19,0.33105023,0.04835186,0.27350813,0.0,A,90,Tucuman,90119,Yerba Buena,1,kmeans,3,0.369519
20816.0,2081.0,74.0,0.20446079,20,0.40243082,0.03350888,0.18155626,0.0,C,94,Tierra Del Fuego,94007,Río Grande,1,kmeans,3,0.369519
382.0,87.0,6.0,0.17313122,12,0.2486911,0.04627595,0.42230456,0.0,A,94,Tierra Del Fuego,94011,Tolhuin,1,kmeans,3,0.369519
16805.0,2382.0,89.0,0.13001124,20,0.2409402,0.08987166,0.20624599,0.0,C,94,Tierra Del Fuego,94014,Ushuaia,1,kmeans,3,0.369519
